,National Avg Temp (F),NG ($/MSCF),US Crude Price ($/BBL),Electricity ($/kWh),US Petroleum Products (Million Barrels),Electrical Generation (Billion Kilowatthours),U.S. Natural Usage (BCF),petroleum_forcast,electrical_forcast,natgas_forcast,ds
0,32.4,3.94,28.81,0.053,571.321,413.51641,1890.0,510.13051142469254,397.52620253833766,1935.1011180771652,1981-01-01
1,34.5,3.99,34.3,0.055,475.689,359.719821,1702.0,455.0706948704327,346.2916380505432,1740.6761270125708,1981-02-01
2,37.3,4.06,34.59,0.055999999999999994,493.111,371.66776400000003,1871.0,503.10118734979864,361.9899047516276,1898.6316084477687,1981-03-01
3,41.7,4.11,33.92,0.055999999999999994,460.49,345.682684,1808.0,477.67410313142403,337.0474815406301,1802.4550555369394,1981-04-01
4,45.2,4.29,32.73,0.057999999999999996,475.94300000000004,356.277107,1838.0,490.03400282225385,364.13670052304826,1820.9807195714673,1981-05-01
5,49.3,4.3,31.68,0.063,482.838,406.041501,1770.0,483.00708014166645,400.18242036962494,1747.2351975512192,1981-06-01
6,52.8,4.32,31.1,0.064,486.154,441.30949400000003,1797.0,494.55080375359967,440.8931234746316,1783.0904801530573,1981-07-01
7,55.2,4.3,31.1,0.064,473.14300000000003,421.27883099999997,1841.0,500.55727659508443,437.4701981845787,1773.8849548178644,1981-08-01
8,56.3,4.47,31.1,0.065,469.63699999999994,374.102978,1716.0,467.71727157973436,379.11254816606026,1698.8053504423585,1981-09-01
9,55.9,4.5,30.98,0.063,490.471,363.11518,1781.0,492.01081858632654,356.02734779074325,1782.5619096860546,1981-10-01
10,54.9,4.53,30.97,0.061,467.78,351.583508,1714.0,469.75180020237303,347.5739166132635,1751.8449804939883,1981-11-01
11,53.1,4.55,30.8,0.062,514.481,391.651399,1860.0,494.98798234834845,384.9776379549533,1817.8202400869786,1981-12-01
12,26.2,4.65,30.8,0.063,499.843,419.388747,1870.0,484.49728087082536,399.3264650147494,1817.7665307171876,1982-01-01
13,29.4,4.69,29.73,0.064,448.039,361.091146,1716.0,438.12103687487127,350.9499290317902,1640.0740451622937,1982-02-01
14,33.6,4.78,28.31,0.065,482.375,375.93593,1822.0,477.0326692318912,362.9988820749787,1773.9967555903117,1982-03-01
15,37.4,4.86,27.64,0.066,481.389,345.753004,1719.0,456.07841336415146,338.18403651747576,1690.019199569155,1982-04-01
16,42.1,5.17,27.66,0.067,460.244,354.959962,1698.0,467.39308842848277,364.73780524335336,1708.197069304067,1982-05-01
17,46.1,5.2,28.12,0.071,449.944,372.894239,1647.0,464.61320031576054,401.0763913993452,1639.9520930691735,1982-06-01
18,50.0,5.23,28.09,0.073,459.43699999999995,421.730158,1672.0,477.5786621639189,444.9954861555126,1669.7439238707643,1982-07-01
19,52.7,5.23,27.99,0.075,460.01800000000003,411.783352,1643.0,484.29574344000395,443.46047415711985,1664.207500176481,1982-08-01
20,54.0,5.41,27.99,0.07400000000000001,450.658,361.750536,1574.0,456.26348516658567,382.6673858051351,1598.6372878169286,1982-09-01
21,53.9,5.66,28.76,0.07200000000000001,460.615,346.344495,1615.0,476.2304387140162,358.7517719104858,1669.5228424843065,1982-10-01
22,52.8,5.68,28.74,0.071,450.272,347.197518,1627.0,456.42698682378875,350.112734833837,1640.173590783881,1982-11-01
23,51.3,5.74,28.02,0.071,480.10400000000004,369.915885,1669.0,484.52498108200456,386.76977358096843,1700.627729249421,1982-12-01
24,33.1,5.86,27.22,0.073,456.39,391.741688,1748.0,474.08367066162936,403.73695510893447,1707.6882651200667,1983-01-01
25,35.0,5.87,26.41,0.073,414.173,345.45038,1521.0,435.83730139335,358.15731034763616,1545.27474712001,1983-02-01
26,37.5,6.0,26.08,0.075,481.756,365.537444,1577.0,468.52493621748556,366.6790569815521,1657.4026903375886,1983-03-01
27,39.9,6.06,25.85,0.075,440.764,341.337752,1542.0,449.7800758908513,341.6369647853977,1584.6624248901824,1983-04-01
28,43.5,6.22,26.08,0.075,449.64599999999996,349.449625,1532.0,459.15855448926266,367.62578764105797,1602.4184925670565,1983-05-01
29,47.4,6.2,25.98,0.079,458.664,382.73441299999996,1495.0,458.9672773676632,404.28112022630796,1539.2581730145541,1983-06-01
30,51.2,6.21,25.86,0.079,465.584,440.89367300000004,1552.0,473.51113473775774,451.97676888055264,1575.4725433791602,1983-07-01
31,54.2,6.18,26.03,0.079,479.884,460.38691900000003,1532.0,480.99985260765027,452.5672519835246,1585.564194518673,1983-08-01
32,55.5,6.19,26.08,0.079,465.176,391.634027,1463.0,456.78899838251374,389.0693773789128,1539.6219066698538,1983-09-01
33,55.4,6.7,26.04,0.077,463.83,366.27342200000004,1531.0,472.97112223989814,364.354085550372,1612.295716742402,1983-10-01
34,54.3,6.3,26.09,0.07400000000000001,464.995,366.341362,1522.0,455.07195122784645,355.68811826092247,1595.9273426642276,1983-11-01
35,51.9,5.94,25.88,0.075,518.504,425.11066600000004,1642.0,486.6114260911434,392.16474281407716,1666.1345883597735,1983-12-01
36,28.8,5.78,25.93,0.075,520.825,433.847458,1895.0,475.92136166218785,412.2636074044097,1693.247522077866,1984-01-01
37,33.1,5.84,26.06,0.075,447.67800000000005,379.62008399999996,1655.0,444.6895559598588,369.3222458429888,1548.5999628644245,1984-02-01
38,35.4,5.92,26.05,0.076,497.551,400.77495,1700.0,480.8174287429984,376.9170783532225,1684.1023595705547,1984-03-01
39,39.0,5.96,25.93,0.075,467.046,362.762278,1672.0,457.46749082350226,351.6639649158517,1605.9179427772783,1984-04-01
40,43.2,6.27,26.0,0.077,484.217,385.100395,1675.0,473.8800687229439,381.5269934824046,1633.9101443213312,1984-05-01
41,47.4,6.76,26.09,0.081,471.26,419.934627,1624.0,467.3065620030713,420.1546864410606,1579.1121181751168,1984-06-01
42,51.1,7.11,26.11,0.08199999999999999,480.43,443.052325,1683.0,480.67823344441945,460.7736511940568,1627.501949370367,1984-07-01
43,53.9,7.23,26.02,0.08199999999999999,499.611,459.06333,1658.0,489.9113339932618,456.2804239881914,1628.8413469246668,1984-08-01
44,54.9,7.17,25.97,0.08199999999999999,457.421,390.822777,1580.0,458.01548054195194,398.05562873021216,1563.0494325387267,1984-09-01
45,54.8,6.8,25.92,0.08,484.11,382.284861,1668.0,489.72716890885533,375.36270973609214,1655.9595197851272,1984-10-01
46,53.6,6.31,25.44,0.077,468.79699999999997,381.203731,1662.0,470.0404291148919,367.4997425903063,1636.4900132613286,1984-11-01
47,52.0,6.05,25.05,0.077,476.629,400.46391600000004,1795.0,495.8774218556873,409.13952752358654,1708.0112397687803,1984-12-01
48,26.3,5.97,24.26,0.078,499.385,456.295776,1833.0,489.9118192571637,422.7968793252878,1709.6288109365955,1985-01-01
49,28.6,5.86,23.64,0.079,451.39599999999996,396.976994,1673.0,439.60434934157456,368.9797697964257,1545.7597098570193,1985-02-01
50,33.6,5.99,23.89,0.079,476.55199999999996,390.500776,1690.0,488.5831812679953,386.34443139531993,1693.850818859975,1985-03-01
51,38.8,6.11,24.19,0.08,464.151,370.346623,1601.0,466.6178644898648,360.38260650608254,1616.3103055811882,1985-04-01
52,43.4,6.59,24.18,0.081,480.611,394.24568700000003,1585.0,481.4156788427897,390.0372591114568,1641.0419750442582,1985-05-01
53,47.5,6.96,24.07,0.086,464.48699999999997,411.363941,1526.0,477.30282549255145,429.4317862992788,1582.674328457269,1985-06-01
54,51.3,7.07,24.04,0.087,478.444,454.00752400000005,1570.0,491.4912264002428,473.9564236410081,1623.1834799577305,1985-07-01
55,53.8,7.21,23.99,0.08900000000000001,497.86199999999997,452.57289299999997,1559.0,500.3859776724734,471.1379621593495,1623.100938693005,1985-08-01
56,54.8,7.06,23.96,0.084,452.97,405.424844,1536.0,470.3067951801599,409.03674458147515,1562.390338778759,1985-09-01
57,54.7,6.5,24.1,0.081,494.249,389.990434,1595.0,497.5501341800002,384.8100718652577,1647.572715670779,1985-10-01
58,53.4,6.13,24.27,0.079,465.083,385.297904,1605.0,477.83410361365316,376.36115013916935,1627.5018400334636,1985-11-01
59,51.3,5.7,24.51,0.078,514.951,438.98084500000004,1833.0,506.7015426146855,417.6014712160138,1698.6209267331972,1985-12-01
60,34.7,5.63,23.12,0.079,498.728,435.52227300000004,1822.0,499.2170698429254,433.95944742548653,1708.784710452759,1986-01-01
61,35.3,5.67,17.65,0.079,453.209,385.164033,1591.0,454.3941180802005,382.0856702713651,1551.0164843600953,1986-02-01
62,38.9,5.71,12.62,0.079,504.565,394.22911,1697.0,497.6824653941041,395.8571791107952,1686.7764077397223,1986-03-01
63,42.4,5.89,10.68,0.08,478.339,372.740908,1533.0,477.5057323146799,369.236613352091,1616.5905909986323,1986-04-01
64,46.1,6.18,10.75,0.08,495.789,395.29499599999997,1559.0,491.02850229231154,398.6888868638077,1643.4863502162696,1986-05-01
65,50.2,6.67,10.68,0.085,481.48199999999997,430.668313,1489.0,489.8361303801716,438.9336394240514,1587.3145671999341,1986-06-01
66,53.5,6.84,9.25,0.085,505.514,485.907105,1530.0,505.23046379582667,487.5611213296043,1625.554119246678,1986-07-01
67,55.8,6.94,9.77,0.085,515.1669999999999,450.804962,1531.0,514.1503332811689,486.4596197062047,1629.9067096187632,1986-08-01
68,56.7,6.83,11.09,0.0835,477.269,413.81020099999995,1450.0,486.1049441101759,420.2732475233082,1575.1028692047514,1986-09-01
69,56.4,6.38,11.0,0.08199999999999999,514.674,395.919552,1549.0,509.116085337809,394.46279303004417,1654.5163767565493,1986-10-01
70,55.0,5.66,11.05,0.08,486.63300000000004,393.30737200000004,1636.0,489.67263910572495,385.42361104220527,1635.2050927960954,1986-11-01
71,53.3,5.28,11.73,0.08,531.06,427.573083,1744.0,521.5981474555995,426.2698622687493,1705.3416263810964,1986-12-01
72,31.4,5.3,13.79,0.081,517.21,446.081951,1830.0,512.1647902800744,445.501348784401,1722.7189953439588,1987-01-01
73,34.4,5.34,14.51,0.075,473.425,388.56125,1648.0,472.51323003881845,396.4918648296562,1572.2616913679678,1987-02-01
74,37.1,5.36,14.54,0.075,501.10900000000004,404.259888,1745.0,509.57557842305664,407.1177727371695,1699.4214379892944,1987-03-01
75,41.2,5.46,14.95,0.07400000000000001,495.70599999999996,379.584834,1647.0,490.9202688197113,380.547393850986,1638.789188921303,1987-04-01
76,45.6,5.98,15.29,0.07400000000000001,496.806,412.813756,1641.0,502.8735259951703,410.78476128634185,1670.9204421329175,1987-05-01
77,49.7,6.55,15.95,0.08,504.892,451.81583,1575.0,504.4436619770542,453.2123730213406,1618.8423945788054,1987-06-01
78,53.1,6.78,16.88,0.08,530.502,496.39243899999997,1592.0,520.7696587114744,507.6686964307596,1658.1209005200465,1987-07-01
79,55.4,6.84,17.06,0.08,506.741,495.761519,1618.0,529.3640392410596,509.3561690133643,1669.9822179758328,1987-08-01
80,56.5,6.64,16.25,0.08,500.097,426.442499,1546.0,503.0592542050995,438.77277137378195,1622.7991100660465,1987-09-01
81,56.2,5.85,15.95,0.07400000000000001,525.173,406.42984900000005,1691.0,521.2219094693339,411.70129887114956,1700.621373133136,1987-10-01
82,55.0,5.42,15.46,0.073,490.29,400.958772,1730.0,501.836355797037,402.7190047081184,1684.6074240640219,1987-11-01
83,53.3,5.13,14.27,0.073,540.79,441.472742,1875.0,536.968593923517,444.8845130554153,1759.9807950143615,1987-12-01
84,27.8,5.08,13.64,0.075,539.481,476.37686900000006,1932.0,525.527923178798,468.62765523348554,1789.9502461210104,1988-01-01
85,30.7,5.09,13.43,0.076,515.026,434.366167,1759.0,491.37328688208373,420.66129689277574,1638.2584524159595,1988-02-01
86,34.6,5.18,12.96,0.076,545.962,428.58723,1833.0,531.6304659272562,430.121032762062,1782.8446510745782,1988-03-01
87,38.9,5.35,13.92,0.076,496.816,392.594222,1691.0,506.15544279440365,402.1118815537841,1701.3396783293801,1988-04-01
88,43.4,5.87,14.12,0.076,502.103,417.407208,1730.0,523.7036686967601,437.3295232918971,1729.5516558601016,1988-05-01
89,48.0,6.5,13.59,0.084,511.781,466.13170599999995,1661.0,515.817021026347,482.82829241062365,1670.1056516728452,1988-06-01
90,51.8,6.74,12.38,0.084,517.536,515.48425,1680.0,529.9583572199223,530.8057566055276,1719.8484719539124,1988-07-01
91,54.5,6.92,12.22,0.085,541.955,535.8571870000001,1697.0,539.4875063800563,526.9626035488595,1719.780671104145,1988-08-01
92,55.7,6.79,11.63,0.084,512.149,440.78448399999996,1615.0,503.75651857203854,460.9024863656471,1653.32172012438,1988-09-01
93,55.5,5.95,10.62,0.078,544.972,421.62777,1753.0,538.0073646685432,435.7101591985946,1754.6853809500137,1988-10-01
94,54.4,5.56,10.31,0.077,528.59,419.629983,1778.0,515.7578580578394,427.6819500715817,1737.2138398860945,1988-11-01
95,52.6,5.39,11.99,0.077,569.322,465.97527699999995,1871.0,543.4736276364484,477.32765937785166,1816.3332323739328,1988-12-01
96,34.1,5.41,13.8,0.078,535.3290000000001,493.207076,1871.0,536.2887346168097,494.53183765556264,1821.3651075097707,1989-01-01
97,31.6,5.38,14.24,0.078,501.749,467.271756,1717.0,480.63938452919615,432.6954821617682,1649.7857468816212,1989-02-01
98,35.3,5.45,15.65,0.078,557.66,483.567546,1814.0,533.6090103887447,454.1127084178855,1810.817211319425,1989-03-01
99,39.7,5.54,17.04,0.077,498.719,445.42239000000006,1743.0,509.0056702096604,424.6881496927997,1731.0697884308313,1989-04-01
100,43.9,5.93,16.76,0.077,512.928,469.324265,1776.0,524.5356247231505,460.7800799643414,1760.6555826737367,1989-05-01
101,47.9,6.58,16.42,0.084,524.903,501.523437,1688.0,519.4280295117935,508.6266470498786,1701.1266801984189,1989-06-01
102,51.7,6.92,16.32,0.084,510.039,546.590194,1725.0,533.488102585666,561.9913455846342,1747.6723416262478,1989-07-01
103,54.1,7.07,15.01,0.084,538.172,550.513762,1720.0,541.6943166404561,559.2961310207031,1750.6935809646716,1989-08-01
104,55.2,6.8,15.58,0.084,503.85,485.272813,1649.0,507.77414196487683,486.13684849156306,1688.2096035702928,1989-09-01
105,55.1,6.06,16.25,0.08,536.411,471.01275999999996,1724.0,535.8013059023062,457.8560326466458,1783.317675668274,1989-10-01
106,54.0,5.56,16.3,0.078,519.331,468.184837,1790.0,513.1971571320722,448.3217400755767,1764.72818654953,1989-11-01
107,51.8,5.3,17.01,0.078,584.589,548.57148,1856.0,542.440847476499,498.0045662039322,1843.4630181284176,1989-12-01
108,36.5,5.43,18.49,0.079,525.878,510.06695599999995,1939.0,532.6424166765203,518.1111691736191,1856.1781452835578,1990-01-01
109,36.6,5.65,18.16,0.079,480.89599999999996,458.721042,1720.0,483.19806281621504,456.706360208154,1686.331937351359,1990-02-01
110,39.3,5.6,16.57,0.079,529.703,489.215883,1842.0,527.6326710930053,473.66217857337125,1835.4406811046972,1990-03-01
111,42.6,5.64,14.52,0.079,503.351,459.242276,1753.0,504.5498613459378,442.3208830151226,1760.667014918259,1990-04-01
112,45.9,6.0,13.82,0.08,524.35,483.239974,1781.0,517.1604011624514,478.13783175901244,1791.5333949474466,1990-05-01
113,49.9,6.56,12.79,0.086,514.961,537.687338,1712.0,514.1804255574966,527.011807998581,1731.8734505326158,1990-06-01
114,53.3,7.04,14.03,0.086,529.591,574.588439,1757.0,528.6245313215347,586.05292753253,1775.1547173309734,1990-07-01
115,55.6,7.08,21.87,0.086,559.565,581.003434,1765.0,536.1595766689808,585.4058672498128,1781.5247967477947,1990-08-01
116,56.9,6.9,28.46,0.086,495.36,516.416085,1691.0,505.2195483337161,506.3426650810645,1723.1869332848319,1990-09-01
117,56.6,6.14,30.86,0.081,524.967,488.43741500000004,1842.0,527.4241172374738,474.82964116641506,1811.6577885003444,1990-10-01
118,55.6,5.69,27.53,0.08,500.85,462.187576,1826.0,505.58614498909753,463.5284463682714,1792.1389221257384,1990-11-01
119,53.5,5.62,22.63,0.081,511.32800000000003,511.232585,1895.0,536.8073137564795,512.2025112724443,1870.6496587902902,1990-12-01
120,29.5,5.54,19.6,0.081,523.67,538.026149,1957.0,525.3373303261593,534.8258587528446,1891.4281759573587,1991-01-01
121,34.7,5.56,16.28,0.081,457.486,456.21673499999997,1738.0,483.04620878008205,474.5832765414208,1723.3957790068177,1991-02-01
122,37.5,5.6,15.13,0.081,502.58099999999996,480.71995400000003,1889.0,519.3619946392015,486.00122446362434,1860.0100023116365,1991-03-01
123,41.3,5.9,16.16,0.08199999999999999,484.163,455.20844800000003,1800.0,498.6762491995011,452.940159915645,1790.6968004893986,1991-04-01
124,45.4,6.28,16.44,0.08199999999999999,501.86,509.34355800000003,1786.0,509.1661839719986,487.53144896938227,1822.8989361043175,1991-05-01
125,49.4,6.97,15.58,0.08800000000000001,506.333,537.8090139999999,1713.0,509.04902574111736,536.296354463021,1763.178042334274,1991-06-01
126,52.9,7.23,16.36,0.087,526.087,588.89319,1740.0,523.8243383166594,599.017770356653,1803.0826934842958,1991-07-01
127,55.4,7.36,16.6,0.087,532.675,583.914683,1741.0,530.6896237667157,599.2329242390025,1812.9927957532711,1991-08-01
128,56.4,6.92,16.71,0.08800000000000001,505.42900000000003,511.665161,1716.0,502.63353915842293,514.6696293601411,1758.8701263856656,1991-09-01
129,56.3,6.2,17.72,0.083,526.87,490.354007,1864.0,519.096431789392,481.5344287905158,1840.2825013198653,1991-10-01
130,54.7,5.51,17.12,0.08199999999999999,501.911,482.933238,1864.0,498.1196364255879,469.63667761665903,1819.9537611957758,1991-11-01
131,53.2,5.51,14.68,0.08199999999999999,531.485,507.77478899999994,1942.0,532.5261709822831,517.3249311416039,1899.2856617003936,1991-12-01
132,33.6,5.53,13.99,0.084,527.375,535.230267,1952.0,520.709794626648,543.3239070809875,1929.4257089727823,1992-01-01
133,36.7,5.54,14.04,0.084,489.88599999999997,478.733317,1748.0,486.42890362267667,486.27085141962675,1763.9012168315378,1992-02-01
134,39.3,5.5,14.12,0.085,521.571,495.151255,1837.0,525.8366699116342,495.83143658668433,1917.5294289393764,1992-03-01
135,42.6,5.62,15.36,0.084,502.92900000000003,466.506217,1801.0,500.1874595178035,462.17352538832284,1827.7816252416967,1992-04-01
136,46.4,6.15,16.38,0.085,511.048,484.50878600000004,1842.0,518.01944733728,500.96187906489524,1858.925976870255,1992-05-01
137,49.9,6.84,17.96,0.09,509.344,521.848942,1800.0,510.71827174242543,551.1598518435383,1795.8675226378116,1992-06-01
138,52.9,7.27,17.8,0.091,531.442,586.9184190000001,1842.0,525.2173111998093,603.8905204300518,1850.187822608072,1992-07-01
139,55.0,7.45,17.07,0.09,524.7869999999999,563.539787,1799.0,535.1850302937563,597.4359687828222,1850.974726321879,1992-08-01
140,56.1,7.15,17.2,0.091,506.265,519.545162,1786.0,500.2286057008204,520.7264071377423,1780.2729309982888,1992-09-01
141,55.9,6.52,17.16,0.087,540.8919999999999,489.672781,1899.0,534.7460991930958,490.6095091564355,1890.2696332668377,1992-10-01
142,54.5,6.02,16.0,0.084,512.73,488.01909000000006,1871.0,513.1336989072329,479.8971585885705,1872.317826580183,1992-11-01
143,52.6,5.74,14.94,0.085,555.755,534.3705110000001,1956.0,541.2210979710931,533.8037025950091,1958.4708111697496,1992-12-01
144,30.5,5.73,14.7,0.085,501.374,541.745634,1965.0,534.5892193439183,551.1225979385964,1964.8091798468604,1993-01-01
145,30.8,5.73,15.53,0.084,485.35400000000004,495.76314800000006,1768.0,479.5856235832903,480.5353093235655,1780.5439799375022,1993-02-01
146,34.5,5.67,15.94,0.086,544.816,522.198933,1943.0,532.910265705245,503.04280456842076,1955.1587968833758,1993-03-01
147,38.3,6.02,16.15,0.086,503.439,469.103638,1843.0,508.83718359819846,469.12841056170646,1869.9232968508986,1993-04-01
148,42.8,6.78,16.03,0.087,511.74699999999996,488.35499500000003,1879.0,524.85915644186,507.6155753021973,1902.737629284327,1993-05-01
149,46.9,7.37,15.06,0.092,512.878,550.432584,1795.0,520.2576297629778,558.7540179591749,1839.2592456403231,1993-06-01
150,50.5,7.86,13.83,0.092,538.07,624.153498,1850.0,535.6058252562431,616.5464705384984,1890.510835035675,1993-07-01
151,53.2,8.13,13.75,0.091,537.278,622.604212,1871.0,545.175785582743,612.7356225898727,1894.7384056404949,1993-08-01
152,54.3,7.75,13.39,0.092,529.508,527.7783469999999,1832.0,512.2884751641454,531.844879246571,1828.0389565384007,1993-09-01
153,54.2,6.79,16.27,0.08800000000000001,537.012,500.80941399999995,1950.0,541.845223325888,500.23032953465474,1931.9712530604572,1993-10-01
154,52.8,6.17,15.21,0.086,533.395,503.91765899999996,1966.0,520.2564211884334,489.13191953989343,1912.8007327006596,1993-11-01
155,51.3,6.07,12.95,0.08800000000000001,556.536,544.0329690000001,2063.0,551.2048999808533,542.6054713680581,1999.121557717454,1993-12-01
156,29.3,5.93,10.49,0.08900000000000001,560.2330000000001,579.225375,2023.0,542.5729746092793,563.7271151776796,2013.9300823263366,1994-01-01
157,30.6,6.04,10.71,0.087,513.444,498.06327999999996,1815.0,493.41155964487626,496.224446705891,1830.5759845982066,1994-02-01
158,35.2,6.3,10.94,0.08800000000000001,536.696,515.684668,2029.0,539.9764170849234,514.0004119108885,1993.3507474651565,1994-03-01
159,39.6,6.6,12.31,0.08800000000000001,524.661,480.97177300000004,1924.0,517.6174758071261,479.3219628308726,1913.1127204471095,1994-04-01
160,43.8,6.84,14.02,0.09,532.616,505.17843600000003,1984.0,531.8113092030675,517.5250519925956,1947.6058684971733,1994-05-01
161,48.3,7.66,14.93,0.094,534.461,588.0221730000001,1881.0,530.0411146511033,569.731125795442,1883.7022247409811,1994-06-01
162,52.0,8.1,15.34,0.095,542.0459999999999,622.202208,1943.0,546.2215091688257,632.8121735180661,1931.7242961652903,1994-07-01
163,54.5,8.22,14.5,0.09699999999999999,561.618,614.8977309999999,1971.0,555.3634147290412,631.3444792277102,1939.6382171395605,1994-08-01
164,55.7,7.84,13.62,0.09699999999999999,524.7090000000001,532.223262,1878.0,524.5961024991744,545.4126045177453,1877.073088779622,1994-09-01
165,55.6,6.86,13.84,0.09300000000000001,549.299,512.745543,1982.0,548.9494643047467,511.8870553055058,1974.4120432260227,1994-10-01
166,54.4,6.27,14.14,0.091,519.447,503.43530599999997,2036.0,527.5082564383,500.1269421996215,1954.1289914126519,1994-11-01
167,52.9,6.06,13.43,0.09,567.899,538.728099,2116.0,561.4097997189584,553.0969210764099,2040.7361155040167,1994-12-01
168,33.1,5.85,14.0,0.09,533.785,559.197658,2043.0,550.7589257224885,578.0154788582541,2064.4490806264475,1995-01-01
169,35.2,5.76,14.71,0.09,511.80300000000005,504.29948499999995,1822.0,507.6608536734839,513.3422809257718,1881.998513593487,1995-02-01
170,37.9,5.84,14.68,0.08900000000000001,542.0,522.3365809999999,2026.0,547.0337652379208,526.0947104583199,2032.11451158751,1995-03-01
171,40.8,6.06,15.84,0.08800000000000001,514.265,489.134546,1945.0,526.5315122706749,490.72132915749035,1957.3788218836469,1995-04-01
172,44.4,6.54,15.85,0.09,536.097,528.227942,1997.0,538.8807923457737,528.6307471982026,1993.5551490279006,1995-05-01
173,48.2,7.49,15.02,0.095,543.919,572.178971,1910.0,540.0755027909213,581.9988987129191,1929.220026532421,1995-06-01
174,51.9,7.82,14.01,0.095,531.547,660.483646,1960.0,557.0677395000976,650.5979678984459,1973.84966881891,1995-07-01
175,54.7,8.13,14.13,0.096,559.362,691.211615,1965.0,565.8237197587788,651.3826665046823,1983.2997034952846,1995-08-01
176,55.8,7.73,14.49,0.096,540.776,554.813416,1914.0,537.2918280504955,559.9336992911963,1922.7369910907103,1995-09-01
177,55.6,6.62,13.68,0.09300000000000001,547.183,527.608336,1988.0,556.2742547755896,524.3135565392699,2010.362256874101,1995-10-01
178,54.4,5.61,14.03,0.091,539.379,522.619498,2045.0,535.1712777090399,511.7917541908061,1986.7536525207568,1995-11-01
179,52.7,5.54,15.02,0.091,569.36,570.759221,2128.0,572.2091088077419,564.2224467901132,2070.9270794579,1995-12-01
180,29.7,5.64,15.43,0.091,566.0790000000001,593.543457,2049.0,559.5849898312263,593.080023601666,2101.2438639507773,1996-01-01
181,32.7,5.82,15.54,0.091,539.974,541.087524,1938.0,522.8127632035083,531.2515965733174,1918.6534406708108,1996-02-01
182,34.8,5.93,17.63,0.091,567.321,549.73555,2051.0,565.236932811149,542.1255644772427,2083.397496450827,1996-03-01
183,38.8,6.27,19.58,0.09,536.547,502.933021,2001.0,537.7358114447528,505.75294810211693,1983.4821061183268,1996-04-01
184,43.2,6.84,17.94,0.092,556.654,564.2303440000001,2022.0,556.9765379923354,548.6478883488585,2014.915916898533,1996-05-01
185,47.7,7.83,16.94,0.098,543.207,605.141069,1959.0,549.1977276802199,604.1351951875058,1944.2092613738132,1996-06-01
186,51.4,8.64,17.63,0.098,564.533,655.114439,2007.0,564.8602894544193,662.4764566930556,2000.6696350295385,1996-07-01
187,54.0,8.73,18.29,0.098,578.396,658.270174,2025.0,575.6552479263659,655.9505976273522,1999.0972932364964,1996-08-01
188,55.1,7.99,19.93,0.09699999999999999,529.637,566.009799,1967.0,538.1254514282906,572.2119169138795,1920.4097868534352,1996-09-01
189,54.9,7.05,21.09,0.094,594.302,542.590504,2030.0,575.3303810908608,539.5589877901001,2034.9829249352656,1996-10-01
190,53.5,6.37,20.2,0.092,556.054,537.951342,2009.0,552.1495409201779,528.2246666305363,2011.4871558084149,1996-11-01
191,51.9,6.47,21.34,0.091,568.355,568.196739,2055.0,582.4458693537588,588.0411993555024,2099.8316846890143,1996-12-01
192,30.0,6.74,21.76,0.091,575.184,600.8410309999999,2080.0,575.3836854441447,607.6337965795954,2102.2697411615595,1997-01-01
193,33.0,6.79,19.38,0.091,515.145,515.984975,1897.0,516.2499215805402,530.2571540624406,1901.1721584094387,1997-02-01
194,36.9,6.52,17.83,0.092,553.739,544.209683,2094.0,573.7186254469748,555.1815218552996,2083.715807192068,1997-03-01
195,39.7,6.53,16.63,0.092,556.769,516.2720889999999,1985.0,547.8733674448424,517.8428700312616,1988.7533351861161,1997-04-01
196,43.6,6.83,17.23,0.092,567.078,545.520795,2032.0,565.1956255547055,560.4217110636264,2019.601685897401,1997-05-01
197,47.7,8.3,15.88,0.096,558.515,597.886246,1944.0,560.3133348307723,616.9882256549863,1948.186115842468,1997-06-01
198,51.4,8.78,15.89,0.099,592.306,688.72614,2011.0,576.9158309284556,680.9195121962032,1998.46412163461,1997-07-01
199,53.9,8.99,16.19,0.099,575.5169999999999,665.490488,2013.0,587.3002818273317,676.8295282707147,1998.7897873617267,1997-08-01
200,55.3,8.84,16.41,0.099,556.849,601.816466,1979.0,551.9436274246216,587.5804730595921,1924.4382872040876,1997-09-01
201,55.2,7.69,17.66,0.095,591.2,569.634488,2057.0,583.8617857677569,552.7466749127899,2029.7796360991492,1997-10-01
202,53.9,6.86,16.83,0.092,557.349,541.944755,1999.0,560.6718319038699,540.5779512825745,2005.4814032243062,1997-11-01
203,52.2,6.54,15.04,0.092,596.759,592.4054219999999,2044.0,594.0992752692027,599.7775947716738,2091.788644488889,1997-12-01
204,35.0,6.41,13.45,0.092,569.212,590.217482,2103.0,584.871685826681,623.2340880100563,2102.9244297349906,1998-01-01
205,36.9,6.41,12.17,0.092,512.856,520.905864,1891.0,531.9468551754346,548.702116430064,1907.5139218125714,1998-02-01
206,38.4,6.29,11.15,0.09300000000000001,579.239,573.452652,2098.0,582.21680764703,568.4480438695332,2073.2486381058793,1998-03-01
207,41.5,6.81,11.28,0.092,571.32,522.165668,2009.0,558.1814027534142,530.1891588738675,1985.6783623716904,1998-04-01
208,45.7,7.7,11.13,0.09300000000000001,569.624,598.97649,2053.0,573.5597623453675,572.4464836204612,2017.4330815346639,1998-05-01
209,49.5,8.51,10.0,0.099,575.446,657.512464,1988.0,571.7249748520622,630.1928350670565,1947.202078403174,1998-06-01
210,53.2,8.53,10.44,0.099,603.451,723.569594,2018.0,589.2520181893736,699.9682478819456,1992.8455235443384,1998-07-01
211,55.8,9.25,10.2,0.098,599.748,714.427894,2037.0,599.1920538563912,698.344797475422,1996.8706602605303,1998-08-01
212,57.3,8.96,11.29,0.099,566.8480000000001,637.555392,1884.0,566.0702568499481,603.293554571721,1928.4620506845838,1998-09-01
213,57.0,7.6,11.32,0.09300000000000001,594.8240000000001,568.58777,2030.0,592.4235545326301,566.2101658920558,2024.4051086774327,1998-10-01
214,55.9,6.58,9.64,0.092,560.19,533.979275,1973.0,569.3583724371462,553.2020318079835,1999.4639180643676,1998-11-01
215,54.2,6.34,8.03,0.09,601.998,595.669036,2024.0,606.0258012549972,611.7933565590915,2083.9001854222265,1998-12-01
216,33.8,6.0,8.57,0.086,589.894,631.285635,2066.0,594.6058357410828,639.3563526660494,2103.7539704308992,1999-01-01
217,36.6,6.29,8.6,0.085,534.991,549.3318730000001,1874.0,548.1479531343525,567.819825887755,1913.8626162358044,1999-02-01
218,38.7,6.06,10.76,0.085,604.395,595.947691,2064.0,590.7196409232257,581.474050345336,2063.4736408136296,1999-03-01
219,41.9,6.44,12.82,0.085,574.548,561.107305,1960.0,568.6426446239353,541.9111727070012,1984.3407369357474,1999-04-01
220,45.5,7.3,13.92,0.086,579.867,599.854636,1975.0,582.0415661782014,583.2898200510799,2017.8232213118774,1999-05-01
221,49.3,8.2,14.39,0.091,595.094,657.516945,1937.0,583.3961456265249,641.6244533830546,1949.517947127705,1999-06-01
222,52.9,8.83,16.12,0.091,614.423,752.734872,1983.0,601.815438358649,716.6551958767548,1991.4666935579794,1999-07-01
223,55.4,9.14,17.58,0.09,622.884,727.721021,1986.0,611.2624874243037,716.9031954981906,2000.1567197002728,1999-08-01
224,56.4,8.63,20.03,0.08900000000000001,584.477,610.700587,1937.0,580.4276718421846,615.7262819675942,1938.2610324731402,1999-09-01
225,56.2,7.56,19.71,0.086,615.915,567.527933,2017.0,600.922402635692,576.0775876533295,2025.7662069885523,1999-10-01
226,55.5,7.15,21.35,0.084,572.616,541.860624,1983.0,578.1140318029162,561.8364921351067,2001.1319432257717,1999-11-01
227,53.9,6.51,22.55,0.084,635.453,590.00673,2041.0,618.1118089140807,618.8791138848933,2085.0627444040197,1999-12-01
228,33.6,6.37,23.53,0.084,589.799,655.5818469999999,2055.0,604.4628430893869,649.9733190327474,2114.693761099178,2000-01-01
229,36.7,6.54,25.48,0.084,569.4169999999999,587.9587190000001,1909.0,564.7302003181551,581.7136418827641,1930.1198043461757,2000-02-01
230,39.8,6.91,26.19,0.084,595.752,602.753602,2075.0,610.5443334193918,593.1434437743216,2095.0210835538996,2000-03-01
231,43.0,7.19,23.2,0.084,564.493,570.762554,1958.0,580.8271555650748,552.8725617270824,1993.7066210497271,2000-04-01
232,47.0,8.26,25.58,0.085,607.755,645.501321,2001.0,601.598042703924,599.2653026996666,2024.4754237079594,2000-05-01
233,50.7,9.5,27.62,0.08900000000000001,601.623,677.714375,1964.0,592.4348011799327,659.1555239432511,1952.6090289551587,2000-06-01
234,54.0,10.32,26.81,0.09,610.585,712.6497929999999,2018.0,608.5737025448359,722.0508112977778,2008.4928188144556,2000-07-01
235,56.5,10.37,27.91,0.08900000000000001,635.381,736.932687,2038.0,619.4081611101499,714.1620714646753,2006.0674809103796,2000-08-01
236,57.5,10.1,29.72,0.09,596.9680000000001,624.50035,1987.0,578.2828402224869,622.3158831178667,1926.292446032615,2000-09-01
237,57.3,9.44,29.65,0.087,613.744,578.4977650000001,2098.0,617.4963439333465,586.1873897871164,2042.0805038802544,2000-10-01
238,55.5,8.58,30.36,0.085,579.827,568.9476070000001,2000.0,591.8560868095557,573.2506503654407,2019.3856129367628,2000-11-01
239,53.3,8.56,24.46,0.085,645.249,637.615554,2071.0,623.5557420185024,637.4955919864075,2108.9692969192247,2000-12-01
240,31.4,10.12,24.64,0.084,622.856,663.994651,2097.0,615.2046045421155,658.0209046334147,2112.341427172641,2001-01-01
241,32.7,10.26,25.27,0.085,551.303,565.0084469999999,1910.0,551.2699923529594,573.6046248960945,1911.1159069248658,2001-02-01
242,35.6,9.85,22.98,0.085,616.161,600.481933,2116.0,611.9269675480239,599.9776790049809,2095.4417595367813,2001-03-01
243,40.0,10.16,23.39,0.085,591.867,555.200286,2028.0,583.6105764418868,559.0188207271742,2000.819603156782,2001-04-01
244,44.5,11.14,24.06,0.085,604.53,599.996974,2071.0,601.3150397039215,604.3477833307303,2032.7151120700387,2001-05-01
245,48.7,11.58,23.43,0.09,586.8290000000001,654.410455,1993.0,595.3557510848085,664.625800047524,1961.6934400409966,2001-06-01
246,52.4,11.22,22.82,0.091,617.494,714.205235,2042.0,612.2352932087757,732.7227100183222,2013.171762590355,2001-07-01
247,55.1,10.89,23.08,0.091,624.74,740.0177269999999,2057.0,622.4557285533755,727.6844739372699,2012.6508946910444,2001-08-01
248,56.3,10.17,22.37,0.091,570.485,612.853921,2009.0,584.2319938473797,631.1769116988836,1936.966778461336,2001-09-01
249,56.1,8.24,18.73,0.08800000000000001,614.536,588.442506,2097.0,617.249868970671,593.2559282016578,2042.1603360089916,2001-10-01
250,55.3,7.98,16.4,0.086,581.879,556.827493,2006.0,591.9732014612096,579.6878719325638,2016.8631882686527,2001-11-01
251,53.7,7.3,15.54,0.086,589.0980000000001,609.941327,2074.0,626.4878805940874,642.6260446994357,2102.8019138303675,2001-12-01
252,34.5,7.38,15.89,0.08800000000000001,603.059,638.895096,2058.0,615.9658041383302,667.1741667386442,2113.1050273475653,2002-01-01
253,35.4,7.23,16.93,0.08800000000000001,544.423,562.669976,1859.0,559.5083921798764,586.8736303972178,1915.940367360238,2002-02-01
254,36.8,7.1,20.28,0.08900000000000001,609.965,604.0897809999999,2062.0,611.6731506618529,607.5128315985902,2081.614183858532,2002-03-01
255,41.0,7.66,22.52,0.08900000000000001,586.562,578.664627,1978.0,585.6692138874583,566.1290756224203,1992.8499841731166,2002-04-01
256,44.6,8.54,23.51,0.09,611.573,614.308264,2028.0,601.0575427165664,610.7334501241854,2023.8932620678315,2002-05-01
257,49.0,9.58,22.59,0.09699999999999999,596.246,680.9137900000001,1969.0,598.365979403278,671.7539277194301,1952.6137598462756,2002-06-01
258,52.8,10.31,23.51,0.099,622.351,761.5882780000001,2037.0,615.9438885888277,745.4993879698601,1997.568674095589,2002-07-01
259,55.4,10.44,24.76,0.098,626.859,747.842746,2019.0,625.5304726248048,743.1197290126988,2000.7594360004198,2002-08-01
260,56.6,10.23,26.08,0.09699999999999999,583.828,661.3085070000001,1923.0,590.1944428593401,641.4126382578963,1931.4029448749818,2002-09-01
261,56.1,8.61,25.29,0.09300000000000001,610.03,612.925744,1976.0,616.9037920148783,601.4765335638914,2026.6650551553514,2002-10-01
262,54.9,7.99,23.38,0.09,599.736,591.518647,1979.0,592.8619913649218,587.1441409549941,2000.8499765707131,2002-11-01
263,53.2,7.87,25.29,0.09,618.244,648.652127,2053.0,631.0188633781969,648.7806985727713,2084.491802700448,2002-12-01
264,32.8,8.18,28.42,0.08900000000000001,620.512,682.912066,2057.0,619.1033723904121,677.4169955635303,2103.461790670065,2003-01-01
265,32.8,8.58,31.85,0.08900000000000001,570.5,597.604332,1881.0,570.7088064053844,601.0956640174344,1912.7880010403571,2003-02-01
266,36.3,9.77,30.1,0.08900000000000001,610.933,607.58391,2104.0,615.0217916637854,615.5413236838822,2060.7136430784126,2003-03-01
267,40.2,10.18,25.45,0.08800000000000001,594.9119999999999,570.458928,2008.0,592.0249523351154,573.6515262274431,1979.983016223535,2003-04-01
268,44.4,10.79,24.95,0.08900000000000001,599.655,614.016563,2017.0,605.9633434066527,617.4443739652052,2011.716958159018,2003-05-01
269,48.3,12.08,26.84,0.095,593.798,656.349007,1970.0,607.3616978581481,679.1841157955047,1941.9475452929335,2003-06-01
270,52.2,12.75,27.52,0.095,622.911,747.4393650000001,1992.0,626.5257663204974,758.5954955937826,1982.083056584032,2003-07-01
271,55.0,12.84,27.94,0.095,638.153,762.140085,2034.0,636.3482421239119,758.8460785058702,1989.0207928017228,2003-08-01
272,56.1,12.31,25.23,0.095,597.976,644.940337,1977.0,604.2361521239335,651.7394981740852,1925.8127521726701,2003-09-01
273,56.2,10.64,26.53,0.091,625.6469999999999,612.166773,2057.0,625.5596942812259,609.7625141158287,2011.0814498547745,2003-10-01
274,54.9,9.77,27.21,0.08900000000000001,596.18,594.499365,1978.0,601.8044111991553,594.6793511976957,1984.9179464752203,2003-11-01
275,53.3,9.51,28.53,0.08900000000000001,641.053,662.215168,2046.0,643.4290486101116,655.0465050540039,2066.448121861939,2003-12-01
276,30.3,9.71,30.35,0.08900000000000001,634.855,691.981523,2063.0,629.2087089571577,687.9470448097973,2093.910911027988,2004-01-01
277,32.0,9.85,31.21,0.08900000000000001,605.3009999999999,627.475467,1921.0,587.8379517517525,615.6897178475365,1909.4149580085284,2004-02-01
278,37.1,10.03,32.86,0.08900000000000001,634.033,616.4719150000001,2077.0,635.5150711537249,627.7778658999097,2070.7861474283563,2004-03-01
279,41.0,10.54,33.2,0.091,616.345,579.97453,1995.0,604.5706430715669,585.1463149628037,1968.8536808821236,2004-04-01
280,45.2,11.63,35.73,0.092,629.71,653.544387,2001.0,626.1787472670786,634.237567364946,1997.4815122053944,2004-05-01
281,49.0,13.08,34.53,0.09699999999999999,623.395,688.953483,1966.0,617.408956380245,697.7700544230182,1924.823402354941,2004-06-01
282,52.4,13.54,36.54,0.098,647.293,753.362295,2019.0,634.9924551510484,764.5058944202868,1978.1715388205823,2004-07-01
283,54.6,13.74,40.1,0.098,651.864,735.678305,2017.0,647.1020276734247,756.3128179641978,1973.9881508071499,2004-08-01
284,55.9,13.31,40.56,0.098,615.8580000000001,670.13146,1909.0,604.8902677979405,659.1847724338552,1893.767079850444,2004-09-01
285,55.8,11.69,46.14,0.09300000000000001,646.687,623.759683,2009.0,646.6863625086722,621.0426110149418,2005.8352951790453,2004-10-01
286,54.7,11.44,42.85,0.09,624.161,603.025078,1969.0,620.6058778885059,607.4647546986014,1981.741506112424,2004-11-01
287,53.1,11.09,38.22,0.09,658.0989999999999,682.519996,2024.0,654.6332636681195,675.6820188969989,2067.835912615818,2004-12-01
288,33.4,10.9,40.18,0.091,641.524,685.1681769999999,2035.0,646.6701550391975,697.5839310064403,2069.260990531536,2005-01-01
289,35.7,10.87,42.19,0.091,583.252,596.050888,1871.0,580.1870724511368,608.2204565566789,1870.4388699298554,2005-02-01
290,37.9,10.84,47.56,0.091,651.274,633.880726,2081.0,644.7501324279411,636.3062792259798,2049.1588082160197,2005-03-01
291,41.5,11.88,47.26,0.091,604.101,578.141358,1979.0,614.7724842827463,592.9924258002932,1954.849349514057,2005-04-01
292,45.1,12.74,44.03,0.09300000000000001,638.7919999999999,629.077758,2011.0,633.2803298929147,641.2070611606416,1984.2662474236133,2005-05-01
293,49.1,13.79,49.83,0.099,635.951,726.2558700000001,1973.0,626.8590586425737,705.3101926689952,1913.1979492903606,2005-06-01
294,52.9,14.86,53.35,0.099,649.104,803.344969,1984.0,644.4873232561068,777.7343172283491,1961.677748689764,2005-07-01
295,55.4,15.51,58.9,0.1,671.648,808.560652,1988.0,655.0943792948998,772.3865809085346,1961.0726107676617,2005-08-01
296,56.7,16.56,59.64,0.099,604.247,699.370348,1767.0,614.7239423393389,669.9505009559107,1887.2341358864983,2005-09-01
297,56.6,16.44,56.99,0.094,627.8380000000001,631.8464280000001,1871.0,649.3194787019669,629.7000092626486,1989.6309732268298,2005-10-01
298,55.5,15.64,53.2,0.092,618.701,611.218904,1902.0,622.5852950158317,615.298460207571,1964.8867471711758,2005-11-01
299,53.6,14.6,53.24,0.092,666.357,695.1083610000001,1996.0,658.7370927292709,682.102965721297,2048.5120959118162,2005-12-01
300,38.9,14.92,57.85,0.094,633.525,656.243927,1975.0,647.5233509254257,708.1590958594207,2058.4467663140167,2006-01-01
301,36.9,13.98,55.69,0.094,576.155,613.700646,1794.0,588.037231227012,622.9256483883914,1866.2891553110355,2006-02-01
302,38.8,13.17,55.64,0.094,638.859,636.332973,1994.0,642.7273199259608,644.8327300487048,2027.5784301966692,2006-03-01
303,42.9,13.27,62.52,0.095,606.038,594.640845,1909.0,615.2606298108689,600.9067450297872,1941.0218280796673,2006-04-01
304,46.8,14.41,64.4,0.09699999999999999,634.1669999999999,660.111698,1957.0,631.2849188363657,648.2511960293826,1971.1628310146039,2006-05-01
305,50.8,15.07,64.65,0.10400000000000001,629.452,727.455046,1939.0,627.5211184045071,712.5533728965875,1908.698228169591,2006-06-01
306,54.4,15.72,67.71,0.105,642.948,819.714106,1975.0,645.0235828860899,790.2767742133589,1959.5552350509536,2006-07-01
307,56.8,16.18,67.21,0.105,664.448,814.403927,1989.0,654.0862261009971,787.2384269690274,1969.8660387015943,2006-08-01
308,57.5,15.71,59.37,0.106,616.765,663.052521,1946.0,616.2170895112581,679.0481533066883,1908.5376706484753,2006-09-01
309,57.0,12.51,53.26,0.102,643.837,642.026972,2026.0,643.1748477810685,636.3652984087114,2009.7622865938558,2006-10-01
310,55.9,12.45,52.42,0.102,620.061,617.265366,1974.0,616.420239592253,620.7948384388878,1991.4239309258762,2006-11-01
311,54.3,12.53,55.03,0.102,644.6519999999999,671.482028,2056.0,654.35831543999,685.5293087131176,2082.019017090777,2006-12-01
312,31.4,12.17,49.32,0.10800000000000001,637.58,706.0402780000001,2043.0,640.247840472835,715.3189976755176,2108.6553881191594,2007-01-01
313,31.9,12.13,52.94,0.10800000000000001,596.651,645.541689,1878.0,588.5877180520301,634.3118591195957,1924.52830699746,2007-02-01
314,37.1,12.81,54.95,0.109,636.61,639.9245860000001,2095.0,632.7232514180203,649.1716430540756,2080.21422781848,2007-03-01
315,40.5,13.31,58.2,0.109,616.0790000000001,605.2859990000001,1995.0,607.4002559215356,604.5970794673816,2006.034339921768,2007-04-01
316,44.9,14.69,58.9,0.11,639.235,659.37932,2067.0,620.0565711547175,650.3400043294075,2045.4039025944498,2007-05-01
317,49.0,16.28,62.35,0.11800000000000001,621.692,724.4758519999999,2020.0,619.7892375675058,714.9006914215946,1981.6921098182643,2007-06-01
318,52.7,16.71,69.23,0.11800000000000001,643.155,785.4036580000001,2053.0,637.6547051960431,797.982186240126,2029.8121121694758,2007-07-01
319,55.4,16.71,67.77,0.11800000000000001,651.79,842.5236359999999,2076.0,645.8819531590008,797.7231507618893,2044.3713958720932,2007-08-01
320,56.7,16.03,73.27,0.11800000000000001,612.438,709.792628,2040.0,609.535335415233,683.9160711536241,1986.03680879763,2007-09-01
321,56.7,14.57,79.32,0.11199999999999999,634.769,664.175528,2122.0,627.3079966021958,638.7701087720171,2080.696777505813,2007-10-01
322,55.5,13.04,87.16,0.11,616.04,627.23784,2099.0,599.7928878860533,621.8662503202041,2060.508713365706,2007-11-01
323,53.7,12.34,85.28,0.11,642.299,691.477308,2176.0,637.4798954490465,683.8193065236891,2152.0992841490993,2007-12-01
324,30.3,12.24,87.06,0.113,627.656,725.045767,2155.0,619.5757823132722,716.893263410213,2188.113860126248,2008-01-01
325,32.5,12.58,89.41,0.113,580.836,649.2725429999999,2044.0,575.2958089156733,640.4594770084751,2002.100888980103,2008-02-01
326,35.6,13.13,98.44,0.113,614.758,648.280146,2204.0,618.3940905270323,651.952088249055,2178.20985378745,2008-03-01
327,39.3,14.49,106.64,0.113,594.4490000000001,610.721795,2113.0,584.6829253662718,606.602814939463,2078.030081470007,2008-04-01
328,43.3,16.33,118.55,0.115,613.7230000000001,649.433089,2153.0,601.993169723459,656.3674041340998,2115.1809752760846,2008-05-01
329,47.7,18.91,127.47,0.122,590.342,745.136451,2119.0,589.9294069524211,720.8379377947731,2045.1707574639095,2008-06-01
330,51.5,20.77,128.08,0.122,606.254,804.6931559999999,2205.0,603.1364414016717,788.4265529510282,2108.7689986458727,2008-07-01
331,54.1,20.17,112.83,0.121,597.441,776.907306,2194.0,610.8768183709393,778.5959322403506,2111.4632237684405,2008-08-01
332,55.3,18.41,98.5,0.121,535.165,675.1808110000001,1920.0,567.5333161638135,677.404537645868,2032.5416970121223,2008-09-01
333,55.2,15.45,73.18,0.11699999999999999,610.6469999999999,636.204026,2153.0,603.1541918451273,637.1144129293402,2159.904479170583,2008-10-01
334,54.2,13.8,53.67,0.115,571.573,619.21712,2150.0,577.1793513213225,622.081639494377,2141.208587689772,2008-11-01
335,52.3,12.84,36.8,0.115,593.409,686.879644,2227.0,607.1461081022135,690.754555500916,2241.5747883100935,2008-12-01
336,31.1,12.49,35.0,0.11599999999999999,590.234,709.048918,2252.0,598.0509952930457,711.88219612216,2250.7389430362596,2009-01-01
337,33.9,12.26,34.14,0.11599999999999999,527.011,600.9002519999999,2074.0,535.0368573831531,619.5879374002355,2041.390403308357,2009-02-01
338,36.9,11.98,42.45,0.11599999999999999,580.286,620.222379,2262.0,593.0445532554238,647.161835190792,2243.305096655359,2009-03-01
339,40.4,11.68,45.19,0.11800000000000001,560.172,578.087338,2148.0,564.691941149274,602.0410479374877,2147.329620630617,2009-04-01
340,44.7,12.86,52.67,0.12,564.5419999999999,621.576712,2190.0,580.9165743639049,649.8757790392923,2186.8074986915817,2009-05-01
341,48.6,14.26,63.09,0.128,564.8290000000001,694.278217,2141.0,574.2340779128434,713.5796934282838,2115.64702196974,2009-06-01
342,52.1,15.27,60.44,0.131,577.4119999999999,744.023555,2170.0,589.5953310599992,785.5045103262614,2176.387179082649,2009-07-01
343,54.5,15.61,65.28,0.132,587.432,761.378476,2193.0,598.4733506969571,778.7219357265162,2183.1061949557475,2009-08-01
344,55.9,14.8,65.28,0.13,557.8330000000001,653.834063,2089.0,560.8185352661098,674.2495613972966,2108.0439744356913,2009-09-01
345,55.3,11.78,69.82,0.126,582.888,613.1134910000001,2197.0,591.5905963867654,632.6547222897525,2229.726546763914,2009-10-01
346,54.5,11.48,71.99,0.12300000000000001,562.59,592.269545,2144.0,566.4518200514755,617.0909120000857,2209.476006375796,2009-11-01
347,52.4,10.42,70.42,0.124,596.3330000000001,700.000578,2196.0,598.5450408839589,682.9176827766735,2311.0827055852537,2009-12-01
348,30.7,10.56,72.87,0.126,577.988,720.900091,2210.0,587.545412526941,707.7494261291191,2330.1790322978304,2010-01-01
349,31.2,10.69,72.74,0.126,527.591,638.560302,2048.0,532.8354504573134,621.8450341005615,2120.571212551138,2010-02-01
350,35.4,10.99,75.77,0.126,591.6080000000001,623.333236,2277.0,581.6680023895136,643.0414252453176,2311.6319171146615,2010-03-01
351,39.8,11.97,78.8,0.125,571.341,574.6048,2190.0,556.044848174884,598.5441999758954,2221.2411894865813,2010-04-01
352,43.8,13.12,70.91,0.126,584.997,654.813317,2237.0,569.7675003757241,644.9795741072807,2263.9127386662676,2010-05-01
353,48.3,14.86,70.77,0.132,586.5740000000001,750.3655660000001,2139.0,566.3047242798914,708.6009640582513,2192.2551094034893,2010-06-01
354,52.1,16.21,71.37,0.131,598.544,818.304867,2209.0,582.034379134806,785.5110580259154,2250.750899018618,2010-07-01
355,54.8,16.65,72.07,0.13,609.854,816.6102490000001,2235.0,590.1434999318298,782.0978173387185,2262.680604839075,2010-08-01
356,56.1,15.63,71.23,0.13,583.758,690.973922,2238.0,555.911863470683,674.27501244418,2192.319953158286,2010-09-01
357,56.1,13.37,76.02,0.126,587.9780000000001,614.751541,2357.0,580.1662516755929,631.5848856408916,2308.681349257491,2010-10-01
358,54.9,10.89,79.2,0.124,568.913,610.939864,2277.0,555.9681073585778,615.8217746043626,2287.7031101111684,2010-11-01
359,53.0,9.98,83.98,0.124,611.599,723.1067009999999,2400.0,590.1193034980478,679.7069595092858,2391.8653912727127,2010-12-01
360,29.7,9.9,85.66,0.124,586.674,724.672501,2299.0,577.3270379873608,708.8872303177179,2422.5586025374687,2011-01-01
361,31.4,10.14,86.69,0.12300000000000001,526.688,625.226605,2104.0,530.6822357132621,628.2925775817974,2211.1063086113895,2011-02-01
362,35.3,10.43,99.19,0.125,595.602,636.237488,2411.0,570.4158804654926,642.7194882137205,2390.057841416288,2011-03-01
363,39.4,11.27,108.8,0.126,557.47,603.66058,2350.0,548.7439366491287,598.2871525898668,2304.1990790161294,2011-04-01
364,43.4,12.5,102.46,0.127,570.689,646.046546,2411.0,561.323791087178,643.239710483717,2348.7988841434853,2011-05-01
365,47.8,14.7,97.3,0.132,575.703,734.218225,2313.0,562.2676748351723,706.7402075008306,2275.014759442745,2011-06-01
366,51.8,16.14,97.82,0.133,580.089,836.076544,2340.0,579.6582558820229,788.4897012179712,2329.640963159976,2011-07-01
367,54.7,16.67,89.0,0.133,600.224,811.792451,2370.0,588.3781784913527,787.8376454730443,2345.709554979342,2011-08-01
368,56.0,15.63,90.22,0.132,565.439,674.7307950000001,2358.0,558.3378039251902,675.8562680999538,2278.855251894134,2011-09-01
369,55.9,12.85,92.28,0.127,583.1080000000001,616.221442,2502.0,577.6921421744172,631.6180208478268,2387.5515861885565,2011-10-01
370,54.8,10.78,100.18,0.125,571.065,607.017705,2476.0,555.4074330230188,615.2815870519107,2364.467945886322,2011-11-01
371,53.2,9.83,98.71,0.125,580.894,670.227372,2544.0,593.4639710899202,676.9813114122494,2469.652225607548,2011-12-01
372,36.1,9.62,98.99,0.125,567.5219999999999,677.919591,2571.0,579.9853701046975,710.1610101138895,2511.0676944687593,2012-01-01
373,36.8,9.47,102.04,0.125,540.23,617.706986,2360.0,541.5125851173234,634.8351794890478,2297.679599689016,2012-02-01
374,41.4,10.41,105.42,0.127,562.623,617.041125,2524.0,585.0903226612064,646.5986405772777,2499.869087371678,2012-03-01
375,44.7,10.94,103.62,0.127,545.451,589.365879,2417.0,556.2534720417301,601.991738799221,2384.9780373924805,2012-04-01
376,48.4,12.61,95.57,0.129,575.889,671.835343,2491.0,575.7863659334287,651.7657070655805,2427.6977046447178,2012-05-01
377,52.1,14.18,83.59,0.134,565.571,720.486471,2377.0,567.3676871385221,716.2244455821409,2347.4246278658743,2012-06-01
378,55.6,15.13,86.1,0.135,574.077,828.060924,2465.0,583.1732724718445,783.846705201832,2420.5029297541405,2012-07-01
379,57.9,15.82,92.53,0.135,593.35,790.221617,2374.0,593.9233863195165,774.5492344781977,2423.6791790829975,2012-08-01
380,58.8,14.72,95.98,0.135,542.866,668.035033,2410.0,554.8337643333681,674.298205245271,2333.1683710341986,2012-09-01
381,58.4,11.68,92.24,0.13,580.131,622.166076,2557.0,592.8125116168962,634.5702721702082,2479.451878054724,2012-10-01
382,57.0,9.99,89.64,0.128,556.0,610.8102809999999,2471.0,568.5493435409364,619.9785699676829,2458.081890930277,2012-11-01
383,55.3,9.8,89.81,0.127,562.406,668.094125,2524.0,599.3599515451377,688.8290288513363,2573.3941689272187,2012-12-01
384,32.3,9.15,95.0,0.128,581.411,696.837192,2512.0,591.6993451827699,710.3343498162669,2584.0114671595065,2013-01-01
385,33.5,9.23,95.01,0.128,522.315,618.435928,2270.0,530.5360966101209,618.6209742217762,2343.7517652510105,2013-02-01
386,36.0,9.35,95.54,0.127,574.466,649.654462,2504.0,589.2413447490957,646.510745035256,2575.6600842687117,2013-03-01
387,39.4,10.43,94.41,0.127,557.375,597.6418150000001,2446.0,562.3229988061588,601.8052250212594,2465.5575922707494,2013-04-01
388,43.7,12.61,94.75,0.129,581.753,643.201732,2489.0,579.7291693042122,650.0078339176047,2510.976796977128,2013-05-01
389,48.1,15.02,93.82,0.135,564.0459999999999,712.520296,2385.0,574.3395361793329,714.163621563785,2429.3583876254906,2013-06-01
390,51.9,16.3,101.41,0.133,597.263,788.490162,2512.0,590.9774573490188,786.6151620575507,2499.1955822501363,2013-07-01
391,54.5,16.43,102.96,0.133,593.591,769.3548509999999,2495.0,601.2153524263542,780.3025752920753,2507.0048824908345,2013-08-01
392,55.9,15.69,102.32,0.133,578.156,680.700271,2414.0,564.6456287200095,676.0336380358613,2420.8964632267143,2013-09-01
393,55.6,12.38,96.18,0.128,599.181,628.666283,2513.0,596.9143258979224,634.7062520052126,2560.7304324412225,2013-10-01
394,54.4,10.04,88.7,0.127,584.716,627.93598,2455.0,572.8251567223409,619.4727035379153,2537.56853213351,2013-11-01
395,52.4,9.14,91.85,0.127,588.635,704.901642,2526.0,606.5869620703163,685.9615461763057,2654.3591585473987,2013-12-01
396,30.6,9.26,89.57,0.129,591.943,753.417372,2580.0,596.7687048830704,711.3411621311304,2676.3919865879884,2014-01-01
397,31.4,9.77,96.86,0.129,529.65,647.756028,2357.0,542.4067467228025,625.0008166619867,2434.882117939671,2014-02-01
398,34.4,10.7,96.17,0.128,572.1469999999999,662.55355,2624.0,593.3089498523127,646.3047768634949,2653.514758541043,2014-03-01
399,38.7,11.76,96.49,0.128,565.136,594.222635,2584.0,568.4377579715867,601.5817340980789,2548.9610039984727,2014-04-01
400,43.2,13.6,95.74,0.131,575.7769999999999,648.331003,2633.0,583.7231739423734,648.2527618678475,2597.1448398882126,2014-05-01
401,47.6,16.13,98.68,0.13699999999999998,566.106,714.5710349999999,2560.0,581.4693364804403,712.1970222899414,2514.1560260934953,2014-06-01
402,51.3,17.23,96.7,0.13699999999999998,596.962,770.395722,2629.0,598.9098226893199,789.497425208826,2580.46267442697,2014-07-01
403,53.9,17.41,90.72,0.13699999999999998,600.707,767.443082,2645.0,608.6081963449496,786.06686294394,2593.3315960197706,2014-08-01
404,55.3,16.27,86.87,0.13699999999999998,577.184,678.613621,2626.0,574.5839385677697,677.696871367174,2511.905990116849,2014-09-01
405,55.4,13.11,78.84,0.132,610.969,627.922003,2736.0,600.9469942081771,634.79009780284,2644.43230290198,2014-10-01
406,54.0,10.19,71.07,0.13,581.169,633.8290059999999,2662.0,577.1662866630687,618.9469911428996,2619.5866567437374,2014-11-01
407,52.5,10.01,54.86,0.131,603.779,674.695662,2770.0,613.9416009388497,683.1563853189086,2738.0341214054665,2014-12-01
408,33.1,9.5,43.06,0.134,597.102,719.790749,2790.0,601.9723025872249,712.4847424276601,2772.3053342129097,2015-01-01
409,33.0,9.08,44.35,0.134,550.604,667.9659690000001,2521.0,554.5702051909,631.4810822707673,2529.5370250373967,2015-02-01
410,37.2,9.28,42.66,0.135,599.538,647.332951,2828.0,597.2928899386983,645.9812077660933,2733.490537029277,2015-03-01
411,41.2,10.43,49.3,0.131,577.5369999999999,587.170916,2759.0,574.5998016219996,601.3233836974113,2635.2945392275587,2015-04-01
412,45.1,12.73,54.38,0.136,598.794,642.9892309999999,2791.0,587.7723970381394,646.504070097866,2686.3029889631216,2015-05-01
413,49.5,15.07,55.88,0.14300000000000002,595.5930000000001,723.631262,2660.0,588.7607549554361,710.3268240505364,2601.9166602486002,2015-06-01
414,53.0,16.28,47.7,0.14300000000000002,624.165,799.544903,2756.0,606.9707500956472,792.4911860375059,2664.3922239556273,2015-07-01
415,55.5,16.88,39.98,0.14300000000000002,618.124,782.9320230000001,2745.0,616.101540372942,791.8358211926932,2682.76974726091,2015-08-01
416,56.9,16.4,41.6,0.141,582.976,699.06146,2721.0,584.6457153268,679.2861525902816,2606.309001551623,2015-09-01
417,57.0,12.6,42.34,0.136,604.212,623.018912,2806.0,604.911996511513,634.8234018670893,2730.6241524466504,2015-10-01
418,55.8,10.02,38.19,0.134,573.823,600.109533,2726.0,581.5772704172531,618.4040627501029,2704.2235728318615,2015-11-01
419,54.4,9.27,32.26,0.135,607.264,647.626165,2812.0,621.4269667203881,680.4169053540954,2824.5220142669377,2015-12-01
420,32.2,8.28,27.02,0.138,590.947,704.285079,2823.0,607.313277374596,713.7649868012312,2871.8885634177755,2016-01-01
421,35.9,8.36,25.52,0.138,575.5509999999999,626.3297150000001,2654.0,567.027721316206,638.0568871787158,2627.8382615014557,2016-02-01
422,39.7,9.19,31.87,0.136,611.5740000000001,607.689229,2825.0,612.6587664640498,649.8800463338914,2859.080803707007,2016-03-01
423,43.1,9.65,35.59,0.13699999999999998,580.207,584.677851,2679.0,582.463173330862,605.04677020999,2727.6808047339573,2016-04-01
424,46.5,11.62,41.02,0.13699999999999998,599.173,632.3738480000001,2768.0,602.9164233910536,655.0733350266198,2776.5389554262847,2016-05-01
425,50.7,14.43,43.96,0.14300000000000002,595.385,734.382066,2628.0,594.1010710155481,719.8591934323006,2684.7312627624974,2016-06-01
426,54.2,16.56,40.71,0.142,613.045,822.548894,2721.0,610.6513881862566,787.8246274078816,2768.3103474240606,2016-07-01
427,56.7,17.6,40.46,0.142,628.518,818.1538099999999,2723.0,621.9080288008254,778.4799732043864,2771.942999041638,2016-08-01
428,57.8,16.78,40.55,0.141,592.705,701.801329,2626.0,580.9765714513752,677.7201827650355,2668.426492866342,2016-09-01
429,57.8,13.74,45.0,0.136,609.153,624.782113,2720.0,620.7448116040425,637.7906354889712,2835.7298004412123,2016-10-01
430,56.9,10.77,41.65,0.134,589.766,593.02572,2678.0,595.3384050233914,623.1248822560169,2811.2891126180934,2016-11-01
431,54.9,9.06,47.12,0.133,619.503,689.546081,2747.0,627.6007555746611,692.324748450399,2943.170866794021,2016-12-01
432,33.6,9.32,48.19,0.134,599.008,685.286124,2749.0,619.5791946932891,713.9392061805191,2955.313788084032,2017-01-01
433,37.4,10.01,49.41,0.134,537.331,578.3098719999999,2505.0,555.5340396597422,621.7603968845674,2680.53063839787,2017-02-01
434,40.3,9.86,46.39,0.134,621.864,634.807861,2812.0,617.0053775314987,649.7917047331748,2945.7623765208573,2017-03-01
435,43.7,11.34,47.23,0.134,587.86,587.6001570000001,2703.0,588.8186856961995,604.8593098983513,2819.8390140128276,2017-04-01
436,47.1,13.26,45.19,0.133,622.054,643.9524700000001,2787.0,607.0450048356223,653.3065408962603,2871.7846046646214,2017-05-01
437,50.9,16.06,42.17,0.138,616.837,714.733911,2693.0,601.4014215219152,717.7879109944759,2778.438265616215,2017-06-01
438,54.5,17.86,43.42,0.139,623.687,807.56233,2764.0,618.823292753654,790.6071338295584,2858.3105211453917,2017-07-01
439,56.7,18.22,44.96,0.139,627.7869999999999,767.465021,2781.0,629.5435797355706,784.2625114901824,2867.241957003958,2017-08-01
440,57.7,16.92,47.17,0.139,589.2180000000001,670.688646,2767.0,591.2507539134763,679.4644226560185,2768.760428591386,2017-09-01
441,57.5,13.36,49.12,0.134,619.679,639.7257860000001,2907.0,625.0398962778576,637.9273054043172,2928.687450013045,2017-10-01
442,56.4,10.15,55.19,0.131,609.217,619.553287,2884.0,599.8156871247869,622.6164486185514,2902.1973650395284,2017-11-01
443,54.6,9.29,56.98,0.133,630.0269999999999,705.757366,3006.0,635.1682903331314,689.4427136659525,3035.7698947850395,2017-12-01
444,32.2,8.91,62.25,0.134,634.3009999999999,747.681372,2959.0,624.8874138527154,714.9511279396522,3060.9686686010336,2018-01-01
445,33.8,9.63,61.2,0.135,549.344,611.282453,2724.0,567.9640142696261,628.1726162127053,2784.75571295208,2018-02-01
446,36.8,9.78,60.68,0.134,637.763,640.916332,3048.0,621.264641150266,649.5846912991661,3034.804161074838,2018-03-01
447,39.9,10.04,63.5,0.135,598.2280000000001,602.543622,2960.0,595.2215617350518,604.634684787202,2915.2268463753603,2018-04-01
448,45.0,13.65,66.16,0.13699999999999998,631.052,678.266954,3082.0,611.2272000627235,651.5425620793332,2970.3343241777307,2018-05-01
449,49.4,16.51,62.8,0.142,621.16,743.661142,2955.0,608.8671656787203,715.8113314797708,2875.4206642419194,2018-06-01
450,53.1,17.92,67.0,0.14300000000000002,639.261,823.648759,3108.0,627.1294174258766,793.5040240992836,2951.2550614774036,2018-07-01
451,55.7,18.63,62.64,0.142,660.3710000000001,819.962135,3180.0,637.2847616700503,790.0560521677966,2965.973146866842,2018-08-01
452,57.0,17.32,63.55,0.142,598.5419999999999,712.6750509999999,3135.0,601.6573397280672,681.1360966846842,2872.8473156209975,2018-09-01
453,56.7,12.26,65.18,0.13699999999999998,643.98,649.80052,3273.0,629.2625769424056,638.0115767086836,3024.416627303792,2018-10-01
454,,,,,,,,595.2759467734624,616.6987568548299,2974.7745721619203,2018-10-31
455,,,,,,,,644.6980249985437,672.6236130608685,3101.955298481654,2018-11-30
456,,,,,,,,624.1907838118565,718.4219402025661,3194.100314166872,2018-12-31
457,,,,,,,,606.1712006455938,658.3044552976104,2945.8854914041935,2019-01-31
458,,,,,,,,612.3970650901072,643.530008858753,3075.8387180680393,2019-02-28
459,,,,,,,,599.7667854742004,599.9870657469671,3012.207031275468,2019-03-31
460,,,,,,,,604.6032848139341,639.6427837209415,3074.983675252169,2019-04-30
461,,,,,,,,619.6147207912197,703.8477767101533,2984.691110138669,2019-05-31
462,,,,,,,,640.5035927695425,805.5279639984581,3028.608402533859,2019-06-30
463,,,,,,,,647.0695221489046,814.8285551910113,3073.9822187485206,2019-07-31
464,,,,,,,,626.0626620445739,684.874736206559,3020.207035510694,2019-08-31
465,,,,,,,,620.1342549683169,634.487244943949,3101.7039663133774,2019-09-30
