,US Petroleum Products (Million Barrels) - Predicted,Electrical Generation (Billion Kilowatthours) - Predicted,U.S. Natural Usage (BCF) - Predicted,Date,National Avg Temp (F),NG ($/MSCF),US Crude Price ($/BBL),Electricity ($/kWh),US Petroleum Products (Million Barrels),Electrical Generation (Billion Kilowatthours),U.S. Natural Usage (BCF),Year,Month
0,,,,1/1/1981,32.4,3.94,28.81,0.053,571.321,413.51641,1890,1981,1
1,,,,2/1/1981,34.5,3.99,34.3,0.055,475.689,359.719821,1702,1981,2
2,,,,3/1/1981,37.3,4.06,34.59,0.056,493.111,371.667764,1871,1981,3
3,,,,4/1/1981,41.7,4.11,33.92,0.056,460.49,345.682684,1808,1981,4
4,,,,5/1/1981,45.2,4.29,32.73,0.058,475.943,356.277107,1838,1981,5
5,,,,6/1/1981,49.3,4.3,31.68,0.063,482.838,406.041501,1770,1981,6
6,,,,7/1/1981,52.8,4.32,31.1,0.064,486.154,441.309494,1797,1981,7
7,,,,8/1/1981,55.2,4.3,31.1,0.064,473.143,421.278831,1841,1981,8
8,,,,9/1/1981,56.3,4.47,31.1,0.065,469.637,374.102978,1716,1981,9
9,,,,10/1/1981,55.9,4.5,30.98,0.063,490.471,363.11518,1781,1981,10
10,,,,11/1/1981,54.9,4.53,30.97,0.061,467.78,351.583508,1714,1981,11
11,,,,12/1/1981,53.1,4.55,30.8,0.062,514.481,391.651399,1860,1981,12
12,601.9581,630.5004,2223.7678,1/1/1982,26.2,4.65,30.8,0.063,499.843,419.388747,1870,1982,1
13,514.5896,538.64484,1900.7175,2/1/1982,29.4,4.69,29.73,0.064,448.039,361.091146,1716,1982,2
14,480.52484,503.11334,1775.0785,3/1/1982,33.6,4.78,28.31,0.065,482.375,375.93593,1822,1982,3
15,460.87762,482.74426,1702.8964,4/1/1982,37.4,4.86,27.64,0.066,481.389,345.753004,1719,1982,4
16,457.17926,479.063,1689.3627,5/1/1982,42.1,5.17,27.66,0.067,460.244,354.959962,1698,1982,5
17,470.3187,493.0795,1738.2134,6/1/1982,46.1,5.2,28.12,0.071,449.944,372.894239,1647,1982,6
18,479.87473,503.3555,1773.9463,7/1/1982,50,5.23,28.09,0.073,459.437,421.730158,1672,1982,7
19,478.45865,502.12152,1769.2021,8/1/1982,52.7,5.23,27.99,0.075,460.018,411.783352,1643,1982,8
20,492.20627,516.73206,1820.4578,9/1/1982,54,5.41,27.99,0.074,450.658,361.750536,1574,1982,9
21,494.5313,519.30054,1829.267,10/1/1982,53.9,5.66,28.76,0.072,460.615,346.344495,1615,1982,10
22,507.6529,533.122,1877.9403,11/1/1982,52.8,5.68,28.74,0.071,450.272,347.197518,1627,1982,11
23,512.64996,538.9478,1897.4642,12/1/1982,51.3,5.74,28.02,0.071,480.104,369.915885,1669,1982,12
24,547.61554,573.7679,2023.6779,1/1/1983,33.1,5.86,27.22,0.073,456.39,391.741688,1748,1983,1
25,500.60464,524.06055,1849.0778,2/1/1983,35,5.87,26.41,0.073,414.173,345.45038,1521,1983,2
26,477.35486,499.7306,1763.1034,3/1/1983,37.5,6,26.08,0.075,481.756,365.537444,1577,1983,3
27,468.01373,490.11145,1729.1637,4/1/1983,39.9,6.06,25.85,0.075,440.764,341.337752,1542,1983,4
28,445.48117,466.71567,1646.0728,5/1/1983,43.5,6.22,26.08,0.075,449.646,349.449625,1532,1983,5
29,443.5846,464.97726,1639.358,6/1/1983,47.4,6.2,25.98,0.079,458.664,382.734413,1495,1983,6
30,450.41785,472.409,1665.0123,7/1/1983,51.2,6.21,25.86,0.079,465.584,440.893673,1552,1983,7
31,457.5296,480.1134,1691.7648,8/1/1983,54.2,6.18,26.03,0.079,479.884,460.386919,1532,1983,8
32,467.8421,491.1348,1730.3474,9/1/1983,55.5,6.19,26.08,0.079,465.176,391.634027,1463,1983,9
33,461.979,485.11328,1708.88,10/1/1983,55.4,6.7,26.04,0.077,463.83,366.273422,1531,1983,10
34,463.79642,487.10632,1715.7686,11/1/1983,54.3,6.3,26.09,0.074,464.995,366.341362,1522,1983,11
35,469.34155,493.02322,1736.3876,12/1/1983,51.9,5.94,25.88,0.075,518.504,425.110666,1642,1983,12
36,453.4765,474.71283,1674.8066,1/1/1984,28.8,5.78,25.93,0.075,520.825,433.847458,1895,1984,1
37,438.94116,459.38416,1621.2922,2/1/1984,33.1,5.84,26.06,0.075,447.678,379.620084,1655,1984,2
38,445.00854,465.90454,1643.7876,3/1/1984,35.4,5.92,26.05,0.076,497.551,400.77495,1700,1984,3
39,421.76498,441.71323,1558.2994,4/1/1984,39,5.96,25.93,0.075,467.046,362.762278,1672,1984,4
40,422.0987,442.2534,1559.6354,5/1/1984,43.2,6.27,26,0.077,484.217,385.100395,1675,1984,5
41,430.55756,451.38345,1591.2843,6/1/1984,47.4,6.76,26.09,0.081,471.26,419.934627,1624,1984,6
42,439.94965,461.4866,1626.3651,7/1/1984,51.1,7.11,26.11,0.082,480.43,443.052325,1683,1984,7
43,456.65842,479.2342,1688.4972,8/1/1984,53.9,7.23,26.02,0.082,499.611,459.06333,1658,1984,8
44,465.009,488.21185,1719.8912,9/1/1984,54.9,7.17,25.97,0.082,457.421,390.822777,1580,1984,9
45,450.7533,473.4262,1667.4891,10/1/1984,54.8,6.8,25.92,0.08,484.11,382.284861,1668,1984,10
46,474.8059,498.7478,1756.6178,11/1/1984,53.6,6.31,25.44,0.077,468.797,381.203731,1662,1984,11
47,502.87088,528.91077,1861.8032,12/1/1984,52,6.05,25.05,0.077,476.629,400.463916,1795,1984,12
48,515.69794,540.70306,1906.5334,1/1/1985,26.3,5.97,24.26,0.078,499.385,456.295776,1833,1985,1
49,448.0781,469.0251,1654.8674,2/1/1985,28.6,5.86,23.64,0.079,451.396,396.976994,1673,1985,2
50,445.46747,466.35205,1645.1389,3/1/1985,33.6,5.99,23.89,0.079,476.552,390.500776,1690,1985,3
51,416.34216,436.007,1538.2028,4/1/1985,38.8,6.11,24.19,0.08,464.151,370.346623,1601,1985,4
52,402.14648,421.32883,1485.8489,5/1/1985,43.4,6.59,24.18,0.081,480.611,394.245687,1585,1985,5
53,392.6834,411.6667,1451.1407,6/1/1985,47.5,6.96,24.07,0.086,464.487,411.363941,1526,1985,6
54,386.5542,405.51788,1428.9102,7/1/1985,51.3,7.07,24.04,0.087,478.444,454.007524,1570,1985,7
55,402.91928,422.92795,1489.8152,8/1/1985,53.8,7.21,23.99,0.089,497.862,452.572893,1559,1985,8
56,409.53677,430.06586,1514.8021,9/1/1985,54.8,7.06,23.96,0.084,452.97,405.424844,1536,1985,9
57,423.24567,444.70825,1565.9608,10/1/1985,54.7,6.5,24.1,0.081,494.249,389.990434,1595,1985,10
58,446.51755,469.1499,1652.1135,11/1/1985,53.4,6.13,24.27,0.079,465.083,385.297904,1605,1985,11
59,446.2872,469.2055,1651.7655,12/1/1985,51.3,5.7,24.51,0.078,514.951,438.980845,1833,1985,12
60,522.8444,548.2596,1933.1089,1/1/1986,34.7,5.63,23.12,0.079,498.728,435.522273,1822,1986,1
61,472.96936,495.29352,1747.2087,2/1/1986,35.3,5.67,17.65,0.079,453.209,385.164033,1591,1986,2
62,440.8098,461.4536,1627.9407,3/1/1986,38.9,5.71,12.62,0.079,504.565,394.22911,1697,1986,3
63,415.30093,434.91406,1534.3153,4/1/1986,42.4,5.89,10.68,0.08,478.339,372.740908,1533,1986,4
64,401.0794,420.20395,1481.8611,5/1/1986,46.1,6.18,10.75,0.08,495.789,395.294996,1559,1986,5
65,392.7084,411.70654,1451.2974,6/1/1986,50.2,6.67,10.68,0.085,481.482,430.668313,1489,1986,6
66,397.56573,417.06107,1469.6316,7/1/1986,53.5,6.84,9.25,0.085,505.514,485.907105,1530,1986,7
67,403.88696,423.97955,1493.5074,8/1/1986,55.8,6.94,9.77,0.085,515.167,450.804962,1531,1986,8
68,419.94974,440.96304,1553.2677,9/1/1986,56.7,6.83,11.09,0.0835,477.269,413.810201,1450,1986,9
69,449.90225,472.73413,1664.6643,10/1/1986,56.4,6.38,11,0.082,514.674,395.919552,1549,1986,10
70,456.17886,479.2736,1687.8433,11/1/1986,55,5.66,11.05,0.08,486.633,393.307372,1636,1986,11
71,482.51328,507.85284,1787.2267,12/1/1986,53.3,5.28,11.73,0.08,531.06,427.573083,1744,1986,12
72,474.76724,497.27975,1753.9374,1/1/1987,31.4,5.3,13.79,0.081,517.21,446.081951,1830,1987,1
73,478.59796,500.96252,1767.5435,2/1/1987,34.4,5.34,14.51,0.075,473.425,388.56125,1648,1987,2
74,494.88928,518.2147,1827.9531,3/1/1987,37.1,5.36,14.54,0.075,501.109,404.259888,1745,1987,3
75,486.6695,509.74225,1798.1384,4/1/1987,41.2,5.46,14.95,0.074,495.706,379.584834,1647,1987,4
76,479.73352,502.65295,1772.5764,5/1/1987,45.6,5.98,15.29,0.074,496.806,412.813756,1641,1987,5
77,476.78644,499.87323,1762.19,6/1/1987,49.7,6.55,15.95,0.08,504.892,451.81583,1575,1987,6
78,492.46686,516.5445,1820.4579,7/1/1987,53.1,6.78,16.88,0.08,530.502,496.392439,1592,1987,7
79,503.9263,529.1092,1863.8755,8/1/1987,55.4,6.84,17.06,0.08,506.741,495.761519,1618,1987,8
80,511.7947,537.44336,1893.2227,9/1/1987,56.5,6.64,16.25,0.08,500.097,426.442499,1546,1987,9
81,535.61945,563.04114,1982.5093,10/1/1987,56.2,5.85,15.95,0.074,525.173,406.429849,1691,1987,10
82,536.8069,564.2049,1986.7322,11/1/1987,55,5.42,15.46,0.073,490.29,400.958772,1730,1987,11
83,579.018,609.5385,2145.2612,12/1/1987,53.3,5.13,14.27,0.073,540.79,441.472742,1875,1987,12
84,554.4147,581.0911,2049.0552,1/1/1988,27.8,5.08,13.64,0.075,539.481,476.376869,1932,1988,1
85,518.06665,542.3027,1913.256,2/1/1988,30.7,5.09,13.43,0.076,515.026,434.366167,1759,1988,2
86,505.10406,528.8737,1865.5527,3/1/1988,34.6,5.18,12.96,0.076,545.962,428.58723,1833,1988,3
87,493.086,516.449,1821.7175,4/1/1988,38.9,5.35,13.92,0.076,496.816,392.594222,1691,1988,4
88,469.10208,491.48456,1733.2015,5/1/1988,43.4,5.87,14.12,0.076,502.103,417.407208,1730,1988,5
89,458.68225,480.84274,1695.0557,6/1/1988,48,6.5,13.59,0.084,511.781,466.131706,1661,1988,6
90,468.80292,491.80432,1733.0026,7/1/1988,51.8,6.74,12.38,0.084,517.536,515.48425,1680,1988,7
91,475.84448,499.69522,1760.0065,8/1/1988,54.5,6.92,12.22,0.085,541.955,535.857187,1697,1988,8
92,495.90918,520.9835,1834.7677,9/1/1988,55.7,6.79,11.63,0.084,512.149,440.784484,1615,1988,9
93,536.97675,564.6616,1987.9637,10/1/1988,55.5,5.95,10.62,0.078,544.972,421.62777,1753,1988,10
94,532.30524,559.5792,1970.2584,11/1/1988,54.4,5.56,10.31,0.077,528.59,419.629983,1778,1988,11
95,583.73535,614.73773,2163.2666,12/1/1988,52.6,5.39,11.99,0.077,569.322,465.975277,1871,1988,12
96,617.6487,647.9445,2284.1694,1/1/1989,34.1,5.41,13.8,0.078,535.329,493.207076,1871,1989,1
97,564.82294,591.7024,2086.7505,2/1/1989,31.6,5.38,14.24,0.078,501.749,467.271756,1717,1989,2
98,540.6203,566.2808,1996.9988,3/1/1989,35.3,5.45,15.65,0.078,557.66,483.567546,1814,1989,3
99,497.9121,521.4695,1839.3551,4/1/1989,39.7,5.54,17.04,0.077,498.719,445.42239,1743,1989,4
100,463.32916,485.3999,1711.8295,5/1/1989,43.9,5.93,16.76,0.077,512.928,469.324265,1776,1989,5
101,440.8046,462.01605,1628.7877,6/1/1989,47.9,6.58,16.42,0.084,524.903,501.523437,1688,1989,6
102,457.88373,480.27017,1692.4851,7/1/1989,51.7,6.92,16.32,0.084,510.039,546.590194,1725,1989,7
103,502.79883,528.6484,1861.2561,8/1/1989,54.1,7.07,15.01,0.084,538.172,550.513762,1720,1989,8
104,498.1773,523.5727,1843.6138,9/1/1989,55.2,6.8,15.58,0.084,503.85,485.272813,1649,1989,9
105,555.7696,584.7852,2058.4724,10/1/1989,55.1,6.06,16.25,0.08,536.411,471.01276,1724,1989,10
106,565.89417,595.49066,2096.1035,11/1/1989,54,5.56,16.3,0.078,519.331,468.184837,1790,1989,11
107,602.2008,634.63275,2232.7893,12/1/1989,51.8,5.3,17.01,0.078,584.589,548.57148,1856,1989,12
108,563.5788,590.8428,2083.1177,1/1/1990,36.5,5.43,18.49,0.079,525.878,510.066956,1939,1990,1
109,544.81616,570.6818,2012.6072,2/1/1990,36.6,5.65,18.16,0.079,480.896,458.721042,1720,1990,2
110,536.2657,561.9748,1981.3708,3/1/1990,39.3,5.6,16.57,0.079,529.703,489.215883,1842,1990,3
111,472.50848,494.8499,1745.238,4/1/1990,42.6,5.64,14.52,0.079,503.351,459.242276,1753,1990,4
112,449.5127,470.91837,1660.5051,5/1/1990,45.9,6,13.82,0.08,524.35,483.239974,1781,1990,5
113,423.75168,444.11346,1565.6035,6/1/1990,49.9,6.56,12.79,0.086,514.961,537.687338,1712,1990,6
114,429.93057,451.04813,1589.2356,7/1/1990,53.3,7.04,14.03,0.086,529.591,574.588439,1757,1990,7
115,485.77792,510.83264,1798.3699,8/1/1990,55.6,7.08,21.87,0.086,559.565,581.003434,1765,1990,8
116,481.3106,506.01376,1781.4945,9/1/1990,56.9,6.9,28.46,0.086,495.36,516.416085,1691,1990,9
117,533.88367,561.9891,1977.8313,10/1/1990,56.6,6.14,30.86,0.081,524.967,488.437415,1842,1990,10
118,541.60455,570.1775,2006.584,11/1/1990,55.6,5.69,27.53,0.08,500.85,462.187576,1826,1990,11
119,618.26324,652.13855,2293.3652,12/1/1990,53.5,5.62,22.63,0.081,511.328,511.232585,1895,1990,12
120,517.9947,543.10864,1914.7347,1/1/1991,29.5,5.54,19.6,0.081,523.67,538.026149,1957,1991,1
121,477.30267,499.69595,1762.5785,2/1/1991,34.7,5.56,16.28,0.081,457.486,456.216735,1738,1991,2
122,483.85855,506.78146,1787.0016,3/1/1991,37.5,5.6,15.13,0.081,502.581,480.719954,1889,1991,3
123,468.60068,490.8144,1730.8752,4/1/1991,41.3,5.9,16.16,0.082,484.163,455.208448,1800,1991,4
124,452.22122,473.80225,1670.5272,5/1/1991,45.4,6.28,16.44,0.082,501.86,509.343558,1786,1991,5
125,434.21448,455.14536,1604.3783,6/1/1991,49.4,6.97,15.58,0.088,506.333,537.809014,1713,1991,6
126,457.00305,480.1376,1690.8348,7/1/1991,52.9,7.23,16.36,0.087,526.087,588.89319,1740,1991,7
127,481.72736,507.48444,1785.2966,8/1/1991,55.4,7.36,16.6,0.087,532.675,583.914683,1741,1991,8
128,427.9257,450.56296,1585.1482,9/1/1991,56.4,6.92,16.71,0.088,505.429,511.665161,1716,1991,9
129,458.23315,483.10724,1698.9661,10/1/1991,56.3,6.2,17.72,0.083,526.87,490.354007,1864,1991,10
130,475.6972,501.25507,1763.1854,11/1/1991,54.7,5.51,17.12,0.082,501.911,482.933238,1864,1991,11
131,517.56964,545.7627,1919.4159,12/1/1991,53.2,5.51,14.68,0.082,531.485,507.774789,1942,1991,12
132,565.8664,594.0551,2093.7488,1/1/1992,33.6,5.53,13.99,0.084,527.375,535.230267,1952,1992,1
133,479.2085,501.78088,1769.9049,2/1/1992,36.7,5.54,14.04,0.084,489.886,478.733317,1748,1992,2
134,469.89713,492.148,1735.5261,3/1/1992,39.3,5.5,14.12,0.085,521.571,495.151255,1837,1992,3
135,433.68332,454.2227,1601.8461,4/1/1992,42.6,5.62,15.36,0.084,502.929,466.506217,1801,1992,4
136,419.71414,439.7195,1550.2842,5/1/1992,46.4,6.15,16.38,0.085,511.048,484.508786,1842,1992,5
137,400.37573,419.67465,1479.2717,6/1/1992,49.9,6.84,17.96,0.09,509.344,521.848942,1800,1992,6
138,441.20874,463.61288,1632.4977,7/1/1992,52.9,7.27,17.8,0.091,531.442,586.918419,1842,1992,7
139,479.74384,505.05658,1777.2517,8/1/1992,55,7.45,17.07,0.09,524.787,563.539787,1799,1992,8
140,475.1683,500.2279,1760.2354,9/1/1992,56.1,7.15,17.2,0.091,506.265,519.545162,1786,1992,9
141,509.28372,536.7162,1888.0167,10/1/1992,55.9,6.52,17.16,0.087,540.892,489.672781,1899,1992,10
142,518.9654,546.6928,1923.4265,11/1/1992,54.5,6.02,16,0.084,512.73,488.01909,1871,1992,11
143,559.20886,589.7378,2074.1846,12/1/1992,52.6,5.74,14.94,0.085,555.755,534.370511,1956,1992,12
144,553.15155,580.42926,2045.8481,1/1/1993,30.5,5.73,14.7,0.085,501.374,541.745634,1965,1993,1
145,490.4882,513.67535,1811.6337,2/1/1993,30.8,5.73,15.53,0.084,485.354,495.763148,1768,1993,2
146,480.9946,503.92307,1776.7781,3/1/1993,34.5,5.67,15.94,0.086,544.816,522.198933,1943,1993,3
147,444.9979,466.11673,1643.6659,4/1/1993,38.3,6.02,16.15,0.086,503.439,469.103638,1843,1993,4
148,406.23444,425.66415,1500.6941,5/1/1993,42.8,6.78,16.03,0.087,511.747,488.354995,1879,1993,5
149,369.19977,387.0267,1364.0762,6/1/1993,46.9,7.37,15.06,0.092,512.878,550.432584,1795,1993,6
150,415.17038,436.62988,1536.9541,7/1/1993,50.5,7.86,13.83,0.092,538.07,624.153498,1850,1993,7
151,446.28757,469.89218,1653.3741,8/1/1993,53.2,8.13,13.75,0.091,537.278,622.604212,1871,1993,8
152,453.2487,477.44772,1679.6539,9/1/1993,54.3,7.75,13.39,0.092,529.508,527.778347,1832,1993,9
153,498.2077,525.42816,1847.7844,10/1/1993,54.2,6.79,16.27,0.088,537.012,500.809414,1950,1993,10
154,514.8061,542.5967,1908.6597,11/1/1993,52.8,6.17,15.21,0.086,533.395,503.917659,1966,1993,11
155,571.3851,603.1372,2120.3857,12/1/1993,51.3,6.07,12.95,0.088,556.536,544.032969,2063,1993,12
156,548.3914,575.62213,2028.8335,1/1/1994,29.3,5.93,10.49,0.089,560.233,579.225375,2023,1994,1
157,519.77704,544.9055,1921.2147,2/1/1994,30.6,6.04,10.71,0.087,513.444,498.06328,1815,1994,2
158,514.7914,540.1498,1903.8215,3/1/1994,35.2,6.3,10.94,0.088,536.696,515.684668,2029,1994,3
159,434.90692,455.55078,1606.3389,4/1/1994,39.6,6.6,12.31,0.088,524.661,480.971773,1924,1994,4
160,391.7161,410.38464,1446.745,5/1/1994,43.8,6.84,14.02,0.09,532.616,505.178436,1984,1994,5
161,366.06403,383.63547,1352.0186,6/1/1994,48.3,7.66,14.93,0.094,534.461,588.022173,1881,1994,6
162,418.7685,440.37585,1550.0879,7/1/1994,52,8.1,15.34,0.095,542.046,622.202208,1943,1994,7
163,453.1109,477.41498,1679.2935,8/1/1994,54.5,8.22,14.5,0.097,561.618,614.897731,1971,1994,8
164,454.70193,479.149,1685.5021,9/1/1994,55.7,7.84,13.62,0.097,524.709,532.223262,1878,1994,9
165,476.83038,502.8766,1768.415,10/1/1994,55.6,6.86,13.84,0.093,549.299,512.745543,1982,1994,10
166,507.15976,534.86755,1881.0233,11/1/1994,54.4,6.27,14.14,0.091,519.447,503.435306,2036,1994,11
167,551.72125,582.67755,2048.0105,12/1/1994,52.9,6.06,13.43,0.09,567.899,538.728099,2116,1994,12
168,636.29596,668.91064,2356.6023,1/1/1995,33.1,5.85,14,0.09,533.785,559.197658,2043,1995,1
169,549.2301,576.1861,2031.1101,2/1/1995,35.2,5.76,14.71,0.09,511.803,504.299485,1822,1995,2
170,497.76343,522.35815,1841.0018,3/1/1995,37.9,5.84,14.68,0.089,542,522.336581,2026,1995,3
171,433.37552,454.18558,1601.0718,4/1/1995,40.8,6.06,15.84,0.088,514.265,489.134546,1945,1995,4
172,388.03,406.65665,1433.2466,5/1/1995,44.4,6.54,15.85,0.09,536.097,528.227942,1997,1995,5
173,366.46896,384.5648,1354.383,6/1/1995,48.2,7.49,15.02,0.095,543.919,572.178971,1910,1995,6
174,408.6498,430.43216,1513.9589,7/1/1995,51.9,7.82,14.01,0.095,531.547,660.483646,1960,1995,7
175,464.0738,490.02942,1722.0283,8/1/1995,54.7,8.13,14.13,0.096,559.362,691.211615,1965,1995,8
176,444.73828,469.16678,1649.5776,9/1/1995,55.8,7.73,14.49,0.096,540.776,554.813416,1914,1995,9
177,500.34967,528.3397,1857.0381,10/1/1995,55.6,6.62,13.68,0.093,547.183,527.608336,1988,1995,10
178,492.42154,519.76263,1827.2491,11/1/1995,54.4,5.61,14.03,0.091,539.379,522.619498,2045,1995,11
179,565.6864,598.0446,2101.1306,12/1/1995,52.7,5.54,15.02,0.091,569.36,570.759221,2128,1995,12
180,559.88666,588.3104,2072.9268,1/1/1996,29.7,5.64,15.43,0.091,566.079,593.543457,2049,1996,1
181,501.43692,525.9241,1853.963,2/1/1996,32.7,5.82,15.54,0.091,539.974,541.087524,1938,1996,2
182,480.80994,504.57065,1778.3002,3/1/1996,34.8,5.93,17.63,0.091,567.321,549.73555,2051,1996,3
183,420.00653,440.17752,1551.7325,4/1/1996,38.8,6.27,19.58,0.09,536.547,502.933021,2001,1996,4
184,391.28708,410.18994,1445.5194,5/1/1996,43.2,6.84,17.94,0.092,556.654,564.230344,2022,1996,5
185,377.14215,396.02454,1394.4285,6/1/1996,47.7,7.83,16.94,0.098,543.207,605.141069,1959,1996,6
186,425.19385,447.88074,1575.2778,7/1/1996,51.4,8.64,17.63,0.098,564.533,655.114439,2007,1996,7
187,503.61725,532.0353,1869.2992,8/1/1996,54,8.73,18.29,0.098,578.396,658.270174,2025,1996,8
188,469.11795,495.2975,1740.831,9/1/1996,55.1,7.99,19.93,0.097,529.637,566.009799,1967,1996,9
189,510.95532,539.5937,1896.5295,10/1/1996,54.9,7.05,21.09,0.094,594.302,542.590504,2030,1996,10
190,532.4246,562.232,1976.2607,11/1/1996,53.5,6.37,20.2,0.092,556.054,537.951342,2009,1996,11
191,581.0695,614.47534,2158.6257,12/1/1996,51.9,6.47,21.34,0.091,568.355,568.196739,2055,1996,12
192,639.3046,672.5698,2368.944,1/1/1997,30,6.74,21.76,0.091,575.184,600.841031,2080,1997,1
193,550.94885,578.80615,2039.571,2/1/1997,33,6.79,19.38,0.091,515.145,515.984975,1897,1997,2
194,533.54626,560.8455,1975.6935,3/1/1997,36.9,6.52,17.83,0.092,553.739,544.209683,2094,1997,3
195,424.27887,445.21335,1569.0686,4/1/1997,39.7,6.53,16.63,0.092,556.769,516.272089,1985,1997,4
196,407.54773,427.80493,1506.9553,5/1/1997,43.6,6.83,17.23,0.092,567.078,545.520795,2032,1997,5
197,373.2234,392.4806,1380.8948,6/1/1997,47.7,8.3,15.88,0.096,558.515,597.886246,1944,1997,6
198,433.9246,458.26132,1609.6432,7/1/1997,51.4,8.78,15.89,0.099,592.306,688.72614,2011,1997,7
199,479.76926,507.64133,1782.0718,8/1/1997,53.9,8.99,16.19,0.099,575.517,665.490488,2013,1997,8
200,421.95175,445.81458,1566.3535,9/1/1997,55.3,8.84,16.41,0.099,556.849,601.816466,1979,1997,9
201,519.2259,549.44165,1929.2485,10/1/1997,55.2,7.69,17.66,0.095,591.2,569.634488,2057,1997,10
202,508.99374,538.06995,1890.3397,11/1/1997,53.9,6.86,16.83,0.092,557.349,541.944755,1999,1997,11
203,535.0472,566.13214,1988.1594,12/1/1997,52.2,6.54,15.04,0.092,596.759,592.405422,2044,1997,12
204,610.04,642.4344,2261.9492,1/1/1998,35,6.41,13.45,0.092,569.212,590.217482,2103,1998,1
205,486.95975,511.51535,1802.579,2/1/1998,36.9,6.41,12.17,0.092,512.856,520.905864,1891,1998,2
206,485.3317,510.17468,1797.113,3/1/1998,38.4,6.29,11.15,0.093,579.239,573.452652,2098,1998,3
207,451.95108,474.54022,1671.9958,4/1/1998,41.5,6.81,11.28,0.092,571.32,522.165668,2009,1998,4
208,421.89008,443.0667,1560.4006,5/1/1998,45.7,7.7,11.13,0.093,569.624,598.97649,2053,1998,5
209,402.8841,424.06674,1491.5454,6/1/1998,49.5,8.51,10,0.099,575.446,657.512464,1988,1998,6
210,518.83545,548.7072,1926.4851,7/1/1998,53.2,8.53,10.44,0.099,603.451,723.569594,2018,1998,7
211,486.7265,515.067,1808.0219,8/1/1998,55.8,9.25,10.2,0.098,599.748,714.427894,2037,1998,8
212,463.71048,490.609,1722.6333,9/1/1998,57.3,8.96,11.29,0.099,566.848,637.555392,1884,1998,9
213,529.139,560.18726,1966.5686,10/1/1998,57,7.6,11.32,0.093,594.824,568.58777,2030,1998,10
214,523.1348,553.11633,1943.0249,11/1/1998,55.9,6.58,9.64,0.092,560.19,533.979275,1973,1998,11
215,605.8886,641.2542,2251.703,12/1/1998,54.2,6.34,8.03,0.09,601.998,595.669036,2024,1998,12
216,593.5806,624.53735,2199.3525,1/1/1999,33.8,6,8.57,0.086,589.894,631.285635,2066,1999,1
217,486.74698,510.8115,1800.4446,2/1/1999,36.6,6.29,8.6,0.085,534.991,549.331873,1874,1999,2
218,543.98694,571.9323,2014.2128,3/1/1999,38.7,6.06,10.76,0.085,604.395,595.947691,2064,1999,3
219,475.8058,499.68948,1760.25,4/1/1999,41.9,6.44,12.82,0.085,574.548,561.107305,1960,1999,4
220,459.07852,483.0038,1699.5583,5/1/1999,45.5,7.3,13.92,0.086,579.867,599.854636,1975,1999,5
221,492.41898,519.5768,1825.8488,6/1/1999,49.3,8.2,14.39,0.091,595.094,657.516945,1937,1999,6
222,595.2476,629.73895,2210.8035,7/1/1999,52.9,8.83,16.12,0.091,614.423,752.734872,1983,1999,7
223,587.5823,622.3283,2183.9,8/1/1999,55.4,9.14,17.58,0.09,622.884,727.721021,1986,1999,8
224,537.0753,568.2734,1995.3448,9/1/1999,56.4,8.63,20.03,0.089,584.477,610.700587,1937,1999,9
225,585.11194,619.22534,2174.2537,10/1/1999,56.2,7.56,19.71,0.086,615.915,567.527933,2017,1999,10
226,580.8472,614.0054,2157.228,11/1/1999,55.5,7.15,21.35,0.084,572.616,541.860624,1983,1999,11
227,671.74603,710.7572,2496.1477,12/1/1999,53.9,6.51,22.55,0.084,635.453,590.00673,2041,1999,12
228,680.7079,716.04425,2521.621,1/1/2000,33.6,6.37,23.53,0.084,589.799,655.581847,2055,2000,1
229,550.095,577.3053,2034.725,2/1/2000,36.7,6.54,25.48,0.084,569.417,587.958719,1909,2000,2
230,605.2115,636.27734,2240.527,3/1/2000,39.8,6.91,26.19,0.084,595.752,602.753602,2075,2000,3
231,507.9275,533.27386,1878.625,4/1/2000,43,7.19,23.2,0.084,564.493,570.762554,1958,2000,4
232,490.52524,515.86884,1815.5383,5/1/2000,47,8.26,25.58,0.085,607.755,645.501321,2001,2000,5
233,536.18,565.72723,1988.1764,6/1/2000,50.7,9.5,27.62,0.089,601.623,677.714375,1964,2000,6
234,623.1556,659.40424,2314.8074,7/1/2000,54,10.32,26.81,0.09,610.585,712.649793,2018,2000,7
235,626.7217,663.8906,2329.6025,8/1/2000,56.5,10.37,27.91,0.089,635.381,736.932687,2038,2000,8
236,524.53973,555.09717,1948.802,9/1/2000,57.5,10.1,29.72,0.09,596.968,624.50035,1987,2000,9
237,585.91583,620.35315,2177.6396,10/1/2000,57.3,9.44,29.65,0.087,613.744,578.497765,2098,2000,10
238,549.0605,580.9006,2039.9802,11/1/2000,55.5,8.58,30.36,0.085,579.827,568.947607,2000,2000,11
239,656.7167,695.82086,2442.135,12/1/2000,53.3,8.56,24.46,0.085,645.249,637.615554,2071,2000,12
240,639.3465,673.19586,2369.9675,1/1/2001,31.4,10.12,24.64,0.084,622.856,663.994651,2097,2001,1
241,546.22565,574.41437,2023.0524,2/1/2001,32.7,10.26,25.27,0.085,551.303,565.008447,1910,2001,2
242,526.9898,554.7032,1952.4106,3/1/2001,35.6,9.85,22.98,0.085,616.161,600.481933,2116,2001,3
243,442.3507,464.6748,1636.544,4/1/2001,40,10.16,23.39,0.085,591.867,555.200286,2028,2001,4
244,524.6856,553.7509,1946.2375,5/1/2001,44.5,11.14,24.06,0.085,604.53,599.996974,2071,2001,5
245,499.70367,528.61096,1855.7747,6/1/2001,48.7,11.58,23.43,0.09,586.829,654.410455,1993,2001,6
246,535.9064,568.1722,1992.8912,7/1/2001,52.4,11.22,22.82,0.091,617.494,714.205235,2042,2001,7
247,606.1529,643.50616,2256.0654,8/1/2001,55.1,10.89,23.08,0.091,624.74,740.017727,2057,2001,8
248,490.05508,520.14386,1823.6066,9/1/2001,56.3,10.17,22.37,0.091,570.485,612.853921,2009,2001,9
249,521.23456,553.39087,1940.136,10/1/2001,56.1,8.24,18.73,0.088,614.536,588.442506,2097,2001,10
250,499.07935,529.1207,1856.2584,11/1/2001,55.3,7.98,16.4,0.086,581.879,556.827493,2006,2001,11
251,649.53796,689.3875,2417.7117,12/1/2001,53.7,7.3,15.54,0.086,589.098,609.941327,2074,2001,12
252,639.2739,674.66003,2372.5828,1/1/2002,34.5,7.38,15.89,0.088,603.059,638.895096,2058,2002,1
253,479.6261,505.12946,1778.1713,2/1/2002,35.4,7.23,16.93,0.088,544.423,562.669976,1859,2002,2
254,550.22003,580.3279,2040.9282,3/1/2002,36.8,7.1,20.28,0.089,609.965,604.089781,2062,2002,3
255,442.3444,465.9855,1639.2081,4/1/2002,41,7.66,22.52,0.089,586.562,578.664627,1978,2002,4
256,451.88083,477.37302,1677.0117,5/1/2002,44.6,8.54,23.51,0.09,611.573,614.308264,2028,2002,5
257,438.96375,464.52527,1630.3381,6/1/2002,49,9.58,22.59,0.097,596.246,680.91379,1969,2002,6
258,554.36584,587.9491,2061.997,7/1/2002,52.8,10.31,23.51,0.099,622.351,761.588278,2037,2002,7
259,599.3017,636.1789,2230.4346,8/1/2002,55.4,10.44,24.76,0.098,626.859,747.842746,2019,2002,8
260,466.88574,494.95828,1736.209,9/1/2002,56.6,10.23,26.08,0.097,583.828,661.308507,1923,2002,9
261,584.5271,619.6066,2173.9805,10/1/2002,56.1,8.61,25.29,0.093,610.03,612.925744,1976,2002,10
262,566.7068,599.9512,2106.2212,11/1/2002,54.9,7.99,23.38,0.09,599.736,591.518647,1979,2002,11
263,616.8481,653.30383,2293.2568,12/1/2002,53.2,7.87,25.29,0.09,618.244,648.652127,2053,2002,12
264,658.0835,693.2445,2439.7788,1/1/2003,32.8,8.18,28.42,0.089,620.512,682.912066,2057,2003,1
265,540.54816,568.2627,2001.7354,2/1/2003,32.8,8.58,31.85,0.089,570.5,597.604332,1881,2003,2
266,595.77673,627.6153,2208.5076,3/1/2003,36.3,9.77,30.1,0.089,610.933,607.58391,2104,2003,3
267,489.55676,515.2794,1813.4729,4/1/2003,40.2,10.18,25.45,0.088,594.912,570.458928,2008,2003,4
268,534.2405,564.1529,1982.6656,5/1/2003,44.4,10.79,24.95,0.089,599.655,614.016563,2017,2003,5
269,521.69507,552.1398,1938.2749,6/1/2003,48.3,12.08,26.84,0.095,593.798,656.349007,1970,2003,6
270,610.18896,647.6555,2270.9922,7/1/2003,52.2,12.75,27.52,0.095,622.911,747.439365,1992,2003,7
271,615.0517,653.32043,2290.0996,8/1/2003,55,12.84,27.94,0.095,638.153,762.140085,2034,2003,8
272,500.30518,531.11914,1862.0642,9/1/2003,56.1,12.31,25.23,0.095,597.976,644.940337,1977,2003,9
273,563.7415,598.1349,2097.7637,10/1/2003,56.2,10.64,26.53,0.091,625.647,612.166773,2057,2003,10
274,571.3878,605.76166,2125.367,11/1/2003,54.9,9.77,27.21,0.089,596.18,594.499365,1978,2003,11
275,625.41254,663.78973,2328.0342,12/1/2003,53.3,9.51,28.53,0.089,641.053,662.215168,2046,2003,12
276,663.3521,700.04626,2462.0847,1/1/2004,30.3,9.71,30.35,0.089,634.855,691.981523,2063,2004,1
277,531.06323,559.7214,1969.9116,2/1/2004,32,9.85,31.21,0.089,605.301,627.475467,1921,2004,2
278,528.05304,557.60266,1960.289,3/1/2004,37.1,10.03,32.86,0.089,634.033,616.471915,2077,2004,3
279,455.65314,480.52518,1689.7535,4/1/2004,41,10.54,33.2,0.091,616.345,579.97453,1995,2004,4
280,469.67014,496.4204,1743.7434,5/1/2004,45.2,11.63,35.73,0.092,629.71,653.544387,2001,2004,5
281,449.83682,476.88998,1672.7551,6/1/2004,49,13.08,34.53,0.097,623.395,688.953483,1966,2004,6
282,556.99585,591.94495,2074.392,7/1/2004,52.4,13.54,36.54,0.098,647.293,753.362295,2019,2004,7
283,602.8781,641.4646,2246.9446,8/1/2004,54.6,13.74,40.1,0.098,651.864,735.678305,2017,2004,8
284,489.51917,520.44763,1823.4573,9/1/2004,55.9,13.31,40.56,0.098,615.858,670.13146,1909,2004,9
285,558.282,593.36426,2079.4734,10/1/2004,55.8,11.69,46.14,0.093,646.687,623.759683,2009,2004,10
286,526.8381,559.3254,1961.1118,11/1/2004,54.7,11.44,42.85,0.09,624.161,603.025078,1969,2004,11
287,641.9809,682.296,2391.5073,12/1/2004,53.1,11.09,38.22,0.09,658.099,682.519996,2024,2004,12
288,679.29846,717.664,2522.9534,1/1/2005,33.4,10.9,40.18,0.091,641.524,685.168177,2035,2005,1
289,581.23956,613.4894,2157.51,2/1/2005,35.7,10.87,42.19,0.091,583.252,596.050888,1871,2005,2
290,559.27704,591.12714,2077.398,3/1/2005,37.9,10.84,47.56,0.091,651.274,633.880726,2081,2005,3
291,475.5631,502.73923,1766.3342,4/1/2005,41.5,11.88,47.26,0.091,604.101,578.141358,1979,2005,4
292,509.98575,540.79834,1897.3562,5/1/2005,45.1,12.74,44.03,0.093,638.792,629.077758,2011,2005,5
293,492.78287,523.85785,1835.6748,6/1/2005,49.1,13.79,49.83,0.099,635.951,726.25587,1973,2005,6
294,570.1821,607.3801,2126.6748,7/1/2005,52.9,14.86,53.35,0.099,649.104,803.344969,1984,2005,7
295,570.0049,607.76196,2127.2844,8/1/2005,55.4,15.51,58.9,0.1,671.648,808.560652,1988,2005,8
296,474.47665,505.8967,1770.4595,9/1/2005,56.7,16.56,59.64,0.099,604.247,699.370348,1767,2005,9
297,527.60565,562.39044,1968.6118,10/1/2005,56.6,16.44,56.99,0.094,627.838,631.846428,1871,2005,10
298,504.05106,536.7917,1879.552,11/1/2005,55.5,15.64,53.2,0.092,618.701,611.218904,1902,2005,11
299,635.3705,676.4489,2369.2559,12/1/2005,53.6,14.6,53.24,0.092,666.357,695.108361,1996,2005,12
300,617.26666,653.1072,2294.5117,1/1/2006,38.9,14.92,57.85,0.094,633.525,656.243927,1975,2006,1
301,461.76727,487.9332,1715.2155,2/1/2006,36.9,13.98,55.69,0.094,576.155,613.700646,1794,2006,2
302,550.97,583.946,2050.108,3/1/2006,38.8,13.17,55.64,0.094,638.859,636.332973,1994,2006,3
303,391.7944,415.22482,1457.4384,4/1/2006,42.9,13.27,62.52,0.095,606.038,594.640845,1909,2006,4
304,477.61014,507.55896,1779.3844,5/1/2006,46.8,14.41,64.4,0.097,634.167,660.111698,1957,2006,5
305,508.13477,541.6352,1896.6172,6/1/2006,50.8,15.07,64.65,0.104,629.452,727.455046,1939,2006,6
306,588.33984,627.7179,2197.347,7/1/2006,54.4,15.72,67.71,0.105,642.948,819.714106,1975,2006,7
307,650.431,694.35077,2430.3342,8/1/2006,56.8,16.18,67.21,0.105,664.448,814.403927,1989,2006,8
308,460.25967,491.5426,1719.5608,9/1/2006,57.5,15.71,59.37,0.106,616.765,663.052521,1946,2006,9
309,478.96625,511.49448,1789.2257,10/1/2006,57,12.51,53.26,0.102,643.837,642.026972,2026,2006,10
310,462.0614,493.3441,1725.6827,11/1/2006,55.9,12.45,52.42,0.102,620.061,617.265366,1974,2006,11
311,604.226,645.003,2257.1292,12/1/2006,54.3,12.53,55.03,0.102,644.652,671.482028,2056,2006,12
312,517.647,549.42267,1927.8888,1/1/2007,31.4,12.17,49.32,0.108,637.58,706.040278,2043,2007,1
313,401.88324,425.88382,1495.3389,2/1/2007,31.9,12.13,52.94,0.108,596.651,645.541689,1878,2007,2
314,506.1763,537.37445,1885.4736,3/1/2007,37.1,12.81,54.95,0.109,636.61,639.924586,2095,2007,3
315,399.9133,424.9383,1490.3336,4/1/2007,40.5,13.31,58.2,0.109,616.079,605.285999,1995,2007,4
316,486.52518,518.2567,1815.752,5/1/2007,44.9,14.69,58.9,0.11,639.235,659.37932,2067,2007,5
317,523.722,558.617,1956.0298,6/1/2007,49,16.28,62.35,0.118,621.692,724.475852,2020,2007,6
318,617.11383,658.7578,2306.124,7/1/2007,52.7,16.71,69.23,0.118,643.155,785.403658,2053,2007,7
319,668.077,713.4351,2497.171,8/1/2007,55.4,16.71,67.77,0.118,651.79,842.523636,2076,2007,8
320,501.3812,535.6781,1874.0667,9/1/2007,56.7,16.03,73.27,0.118,612.438,709.792628,2040,2007,9
321,539.62823,576.23376,2016.1694,10/1/2007,56.7,14.57,79.32,0.112,634.769,664.175528,2122,2007,10
322,494.67758,528.1374,1847.6763,11/1/2007,55.5,13.04,87.16,0.11,616.04,627.23784,2099,2007,11
323,579.7674,619.1596,2166.4941,12/1/2007,53.7,12.34,85.28,0.11,642.299,691.477308,2176,2007,12
324,637.3393,675.9025,2372.9724,1/1/2008,30.3,12.24,87.06,0.113,627.656,725.045767,2155,2008,1
325,524.71405,556.20276,1953.1824,2/1/2008,32.5,12.58,89.41,0.113,580.836,649.272543,2044,2008,2
326,570.73694,606.329,2127.3003,3/1/2008,35.6,13.13,98.44,0.113,614.758,648.280146,2204,2008,3
327,489.94388,520.8548,1826.7523,4/1/2008,39.3,14.49,106.64,0.113,594.449,610.721795,2113,2008,4
328,561.1027,597.70764,2094.4282,5/1/2008,43.3,16.33,118.55,0.115,613.723,649.433089,2153,2008,5
329,572.5123,610.6048,2138.4836,6/1/2008,47.7,18.91,127.47,0.122,590.342,745.136451,2119,2008,6
330,655.862,700.0614,2451.0466,7/1/2008,51.5,20.77,128.08,0.122,606.254,804.693156,2205,2008,7
331,713.763,762.22076,2668.228,8/1/2008,54.1,20.17,112.83,0.121,597.441,776.907306,2194,2008,8
332,576.46094,615.9185,2155.5925,9/1/2008,55.3,18.41,98.5,0.121,535.165,675.180811,1920,2008,9
333,597.5069,638.428,2234.3303,10/1/2008,55.2,15.45,73.18,0.117,610.647,636.204026,2153,2008,10
334,546.8143,584.3289,2044.8142,11/1/2008,54.2,13.8,53.67,0.115,571.573,619.21712,2150,2008,11
335,634.78577,678.3596,2374.3018,12/1/2008,52.3,12.84,36.8,0.115,593.409,686.879644,2227,2008,12
336,697.15265,740.3002,2598.8953,1/1/2009,31.1,12.49,35,0.116,590.234,709.048918,2252,2009,1
337,561.539,596.312,2093.6375,2/1/2009,33.9,12.26,34.14,0.116,527.011,600.900252,2074,2009,2
338,618.1451,657.1686,2306.2878,3/1/2009,36.9,11.98,42.45,0.116,580.286,620.222379,2262,2009,3
339,553.0696,588.26514,2064.1536,4/1/2009,40.4,11.68,45.19,0.118,560.172,578.087338,2148,2009,4
340,633.2627,674.3836,2365.091,5/1/2009,44.7,12.86,52.67,0.12,564.542,621.576712,2190,2009,5
341,656.5912,700.064,2453.891,6/1/2009,48.6,14.26,63.09,0.128,564.829,694.278217,2141,2009,6
342,726.9372,775.734,2717.8809,7/1/2009,52.1,15.27,60.44,0.131,577.412,744.023555,2170,2009,7
343,667.7858,713.0531,2497.3542,8/1/2009,54.5,15.61,65.28,0.132,587.432,761.378476,2193,2009,8
344,468.67215,500.4891,1752.0222,9/1/2009,55.9,14.8,65.28,0.13,557.833,653.834063,2089,2009,9
345,560.87256,599.30457,2097.3784,10/1/2009,55.3,11.78,69.82,0.126,582.888,613.113491,2197,2009,10
346,467.52725,499.65167,1748.0593,11/1/2009,54.5,11.48,71.99,0.123,562.59,592.269545,2144,2009,11
347,548.36395,585.7499,2049.5254,12/1/2009,52.4,10.42,70.42,0.124,596.333,700.000578,2196,2009,12
348,611.0986,648.0881,2275.3347,1/1/2010,30.7,10.56,72.87,0.126,577.988,720.900091,2210,2010,1
349,435.23648,461.12445,1619.6633,2/1/2010,31.2,10.69,72.74,0.126,527.591,638.560302,2048,2010,2
350,503.907,535.03204,1877.6655,3/1/2010,35.4,10.99,75.77,0.126,591.608,623.333236,2277,2010,3
351,420.4181,446.62534,1566.969,4/1/2010,39.8,11.97,78.8,0.125,571.341,574.6048,2190,2010,4
352,453.23682,482.66202,1691.7367,5/1/2010,43.8,13.12,70.91,0.126,584.997,654.813317,2237,2010,5
353,510.13565,544.075,1905.915,6/1/2010,48.3,14.86,70.77,0.132,586.574,750.365566,2139,2010,6
354,567.8626,606.24445,2122.6294,7/1/2010,52.1,16.21,71.37,0.131,598.544,818.304867,2209,2010,7
355,610.08026,651.6843,2281.2422,8/1/2010,54.8,16.65,72.07,0.13,609.854,816.610249,2235,2010,8
356,493.14816,526.96967,1844.1755,9/1/2010,56.1,15.63,71.23,0.13,583.758,690.973922,2238,2010,9
357,522.043,557.88153,1952.5781,10/1/2010,56.1,13.37,76.02,0.126,587.978,614.751541,2357,2010,10
358,475.09006,507.72073,1776.7596,11/1/2010,54.9,10.89,79.2,0.124,568.913,610.939864,2277,2010,11
359,590.2046,630.86346,2208.0452,12/1/2010,53,9.98,83.98,0.124,611.599,723.106701,2400,2010,12
360,651.70654,691.84247,2429.2283,1/1/2011,29.7,9.9,85.66,0.124,586.674,724.672501,2299,2011,1
361,521.9184,553.8862,1945.4519,2/1/2011,31.4,10.14,86.69,0.123,526.688,625.226605,2104,2011,2
362,603.02576,640.8271,2249.2434,3/1/2011,35.3,10.43,99.19,0.125,595.602,636.237488,2411,2011,3
363,512.3704,544.97595,1912.083,4/1/2011,39.4,11.27,108.8,0.126,557.47,603.66058,2350,2011,4
364,570.19257,607.3585,2129.212,5/1/2011,43.4,12.5,102.46,0.127,570.689,646.046546,2411,2011,5
365,614.71014,655.6186,2296.861,6/1/2011,47.8,14.7,97.3,0.132,575.703,734.218225,2313,2011,6
366,674.51056,720.0414,2521.4424,7/1/2011,51.8,16.14,97.82,0.133,580.089,836.076544,2340,2011,7
367,701.6679,749.41394,2623.656,8/1/2011,54.7,16.67,89,0.133,600.224,811.792451,2370,2011,8
368,590.59406,631.10596,2209.0247,9/1/2011,56,15.63,90.22,0.132,565.439,674.730795,2358,2011,9
369,575.8347,615.32324,2153.919,10/1/2011,55.9,12.85,92.28,0.127,583.108,616.221442,2502,2011,10
370,528.0016,564.26794,1975.1023,11/1/2011,54.8,10.78,100.18,0.125,571.065,607.017705,2476,2011,11
371,680.945,727.672,2547.668,12/1/2011,53.2,9.83,98.71,0.125,580.894,670.227372,2544,2011,12
372,699.4122,742.63654,2607.725,1/1/2012,36.1,9.62,98.99,0.125,567.522,677.919591,2571,2012,1
373,535.9162,568.8878,1998.3224,2/1/2012,36.8,9.47,102.04,0.125,540.23,617.706986,2360,2012,2
374,666.8253,709.0292,2488.662,3/1/2012,41.4,10.41,105.42,0.127,562.623,617.041125,2524,2012,3
375,573.93805,610.55634,2142.9055,4/1/2012,44.7,10.94,103.62,0.127,545.451,589.365879,2417,2012,4
376,618.0484,658.258,2308.754,5/1/2012,48.4,12.61,95.57,0.129,575.889,671.835343,2491,2012,5
377,658.72015,702.4144,2461.876,6/1/2012,52.1,14.18,83.59,0.134,565.571,720.486471,2377,2012,6
378,717.25604,765.571,2681.87,7/1/2012,55.6,15.13,86.1,0.135,574.077,828.060924,2465,2012,7
379,733.904,783.7734,2744.6738,8/1/2012,57.9,15.82,92.53,0.135,593.35,790.221617,2374,2012,8
380,600.85205,641.96533,2247.7378,9/1/2012,58.8,14.72,95.98,0.135,542.866,668.035033,2410,2012,9
381,613.35614,655.32275,2294.656,10/1/2012,58.4,11.68,92.24,0.13,580.131,622.166076,2557,2012,10
382,588.04535,628.31824,2200.1716,11/1/2012,57,9.99,89.64,0.128,556,610.810281,2471,2012,11
383,644.6131,688.8459,2412.2358,12/1/2012,55.3,9.8,89.81,0.127,562.406,668.094125,2524,2012,12
384,666.3686,708.1033,2486.2341,1/1/2013,32.3,9.15,95,0.128,581.411,696.837192,2512,2013,1
385,559.99786,595.04865,2089.5847,2/1/2013,33.5,9.23,95.01,0.128,522.315,618.435928,2270,2013,2
386,617.436,656.9323,2305.4749,3/1/2013,36,9.35,95.54,0.127,574.466,649.654462,2504,2013,3
387,545.69366,580.90326,2038.1838,4/1/2013,39.4,10.43,94.41,0.127,557.375,597.641815,2446,2013,4
388,647.52466,690.19226,2419.6829,5/1/2013,43.7,12.61,94.75,0.129,581.753,643.201732,2489,2013,5
389,627.78735,669.8372,2346.834,6/1/2013,48.1,15.02,93.82,0.135,564.046,712.520296,2385,2013,6
390,708.32294,756.407,2649.0557,7/1/2013,51.9,16.3,101.41,0.133,597.263,788.490162,2512,2013,7
391,724.6416,774.11414,2710.6116,8/1/2013,54.5,16.43,102.96,0.133,593.591,769.354851,2495,2013,8
392,591.5287,632.0523,2212.9204,9/1/2013,55.9,15.69,102.32,0.133,578.156,680.700271,2414,2013,9
393,634.3353,677.85004,2373.3367,10/1/2013,55.6,12.38,96.18,0.128,599.181,628.666283,2513,2013,10
394,571.0192,610.249,2136.4514,11/1/2013,54.4,10.04,88.7,0.127,584.716,627.93598,2455,2013,11
395,617.32367,659.8279,2310.0771,12/1/2013,52.4,9.14,91.85,0.127,588.635,704.901642,2526,2013,12
396,725.331,770.51996,2705.587,1/1/2014,30.6,9.26,89.57,0.129,591.943,753.417372,2580,2014,1
397,558.6223,593.32367,2083.9792,2/1/2014,31.4,9.77,96.86,0.129,529.65,647.756028,2357,2014,2
398,665.0324,707.1401,2482.129,3/1/2014,34.4,10.7,96.17,0.128,572.147,662.55355,2624,2014,3
399,589.1619,626.81415,2199.6746,4/1/2014,38.7,11.76,96.49,0.128,565.136,594.222635,2584,2014,4
400,668.64514,712.2525,2497.8037,5/1/2014,43.2,13.6,95.74,0.131,575.777,648.331003,2633,2014,5
401,664.0549,708.1325,2481.9414,6/1/2014,47.6,16.13,98.68,0.137,566.106,714.571035,2560,2014,6
402,783.28156,835.8947,2928.6614,7/1/2014,51.3,17.23,96.7,0.137,596.962,770.395722,2629,2014,7
403,760.465,811.97046,2844.199,8/1/2014,53.9,17.41,90.72,0.137,600.707,767.443082,2645,2014,8
404,670.7272,716.4646,2509.2607,9/1/2014,55.3,16.27,86.87,0.137,577.184,678.613621,2626,2014,9
405,676.1553,722.2811,2529.642,10/1/2014,55.4,13.11,78.84,0.132,610.969,627.922003,2736,2014,10
406,629.8336,672.95056,2356.574,11/1/2014,54,10.19,71.07,0.13,581.169,633.829006,2662,2014,11
407,690.89307,738.1976,2585.195,12/1/2014,52.5,10.01,54.86,0.131,603.779,674.695662,2770,2014,12
408,793.82874,843.3459,2961.0598,1/1/2015,33.1,9.5,43.06,0.134,597.102,719.790749,2790,2015,1
409,616.9649,655.40027,2301.766,2/1/2015,33,9.08,44.35,0.134,550.604,667.965969,2521,2015,2
410,706.70935,751.5989,2638.011,3/1/2015,37.2,9.28,42.66,0.135,599.538,647.332951,2828,2015,3
411,648.2162,689.7461,2420.3835,4/1/2015,41.2,10.43,49.3,0.131,577.537,587.170916,2759,2015,4
412,704.9475,750.9699,2633.62,5/1/2015,45.1,12.73,54.38,0.136,598.794,642.989231,2791,2015,5
413,725.05023,773.1622,2710.0806,6/1/2015,49.5,15.07,55.88,0.143,595.593,723.631262,2660,2015,6
414,814.4474,869.1106,3045.1162,7/1/2015,53,16.28,47.7,0.143,624.165,799.544903,2756,2015,7
415,809.21405,863.98395,3026.268,8/1/2015,55.5,16.88,39.98,0.143,618.124,782.932023,2745,2015,8
416,705.9057,754.0348,2640.719,9/1/2015,56.9,16.4,41.6,0.141,582.976,699.06146,2721,2015,9
417,735.5577,785.71234,2751.5662,10/1/2015,57,12.6,42.34,0.136,604.212,623.018912,2806,2015,10
418,654.7875,699.64484,2449.8384,11/1/2015,55.8,10.02,38.19,0.134,573.823,600.109533,2726,2015,11
419,726.0042,775.76825,2715.9814,12/1/2015,54.4,9.27,32.26,0.135,607.264,647.626165,2812,2015,12
420,788.09576,837.3373,2938.929,1/1/2016,32.2,8.28,27.02,0.138,590.947,704.285079,2823,2016,1
421,634.73126,673.8822,2366.0288,2/1/2016,35.9,8.36,25.52,0.138,575.551,626.329715,2654,2016,2
422,746.4247,793.92145,2785.2876,3/1/2016,39.7,9.19,31.87,0.136,611.574,607.689229,2825,2016,3
423,646.7393,688.39923,2414.3804,4/1/2016,43.1,9.65,35.59,0.137,580.207,584.677851,2679,2016,4
424,735.6692,784.02576,2748.1885,5/1/2016,46.5,11.62,41.02,0.137,599.173,632.373848,2768,2016,5
425,766.59283,817.76996,2865.0234,6/1/2016,50.7,14.43,43.96,0.143,595.385,734.382066,2628,2016,6
426,857.7862,915.6753,3206.72,7/1/2016,54.2,16.56,40.71,0.142,613.045,822.548894,2721,2016,7
427,827.0975,883.387,3092.663,8/1/2016,56.7,17.6,40.46,0.142,628.518,818.15381,2723,2016,8
428,715.0327,764.05054,2674.3823,9/1/2016,57.8,16.78,40.55,0.141,592.705,701.801329,2626,2016,9
429,711.24133,760.03546,2660.4556,10/1/2016,57.8,13.74,45,0.136,609.153,624.782113,2720,2016,10
430,623.5563,666.47833,2332.7742,11/1/2016,56.9,10.77,41.65,0.134,589.766,593.02572,2678,2016,11
431,723.56647,773.2836,2706.5889,12/1/2016,54.9,9.06,47.12,0.133,619.503,689.546081,2747,2016,12
432,780.43713,828.88257,2909.5474,1/1/2017,33.6,9.32,48.19,0.134,599.008,685.286124,2749,2017,1
433,675.50867,717.48425,2518.319,2/1/2017,37.4,10.01,49.41,0.134,537.331,578.309872,2505,2017,2
434,745.0848,792.65466,2780.326,3/1/2017,40.3,9.86,46.39,0.134,621.864,634.807861,2812,2017,3
435,645.2652,686.8909,2408.6853,4/1/2017,43.7,11.34,47.23,0.134,587.86,587.600157,2703,2017,4
436,716.6756,763.8938,2677.1873,5/1/2017,47.1,13.26,45.19,0.133,622.054,643.95247,2787,2017,5
437,756.3124,806.9414,2826.5862,6/1/2017,50.9,16.06,42.17,0.138,616.837,714.733911,2693,2017,6
438,838.3488,895.10614,3134.188,7/1/2017,54.5,17.86,43.42,0.139,623.687,807.56233,2764,2017,7
439,870.6273,929.94196,3255.4731,8/1/2017,56.7,18.22,44.96,0.139,627.787,767.465021,2781,2017,8
440,732.0951,782.3142,2738.1191,9/1/2017,57.7,16.92,47.17,0.139,589.218,670.688646,2767,2017,9
441,726.29694,776.14655,2716.752,10/1/2017,57.5,13.36,49.12,0.134,619.679,639.725786,2907,2017,10
442,659.20624,704.5748,2466.1045,11/1/2017,56.4,10.15,55.19,0.131,609.217,619.553287,2884,2017,11
443,775.1754,828.4002,2899.8955,12/1/2017,54.6,9.29,56.98,0.133,630.027,705.757366,3006,2017,12
444,795.4555,845.1835,2966.5752,1/1/2018,32.2,8.91,62.25,0.134,634.301,747.681372,2959,2018,1
445,576.4265,612.2181,2149.2976,2/1/2018,33.8,9.63,61.2,0.135,549.344,611.282453,2724,2018,2
446,795.9683,847.12354,2971.1204,3/1/2018,36.8,9.78,60.68,0.134,637.763,640.916332,3048,2018,3
447,681.19244,725.4692,2543.6404,4/1/2018,39.9,10.04,63.5,0.135,598.228,602.543622,2960,2018,4
448,780.35254,831.8311,2915.121,5/1/2018,45,13.65,66.16,0.137,631.052,678.266954,3082,2018,5
449,800.25757,853.7802,2990.5981,6/1/2018,49.4,16.51,62.8,0.142,621.16,743.661142,2955,2018,6
450,869.7145,928.5425,3251.3657,7/1/2018,53.1,17.92,67,0.143,639.261,823.648759,3108,2018,7
451,861.5722,920.199,3221.62,8/1/2018,55.7,18.63,62.64,0.142,660.371,819.962135,3180,2018,8
452,741.03,791.7926,2771.7075,9/1/2018,57,17.32,63.55,0.142,598.542,712.675051,3135,2018,9
453,787.61945,841.51807,2946.0916,10/1/2018,56.7,12.26,65.18,0.137,643.98,649.80052,3273,2018,10
454,749.4022,800.75287,2803.5637,11/1/2018,,,,,,,,,
455,859.7641,918.6026,3216.4094,12/1/2018,,,,,,,,,
456,953.1649,1013.4094,3556.4243,1/1/2019,,,,,,,,,
457,684.2674,726.9974,2552.3618,2/1/2019,,,,,,,,,
458,900.8717,958.7997,3363.3257,3/1/2019,,,,,,,,,
459,787.46423,838.4468,2940.7822,4/1/2019,,,,,,,,,
460,916.21387,976.5557,3423.2566,5/1/2019,,,,,,,,,
461,917.5549,978.7552,3429.4229,6/1/2019,,,,,,,,,
462,1017.8078,1086.3296,3805.341,7/1/2019,,,,,,,,,
463,1056.4591,1127.9884,3950.4553,8/1/2019,,,,,,,,,
464,870.73145,930.1305,3257.1013,9/1/2019,,,,,,,,,
465,922.144,984.89417,3449.3684,10/1/2019,,,,,,,,,
